"X","country","year","year","threshold","personRate","householdRate"
30,"HU",2005,0,0,0,0
31,"HU",2005,0,0,0,0
32,"HU",2005,0,0,0,0
33,"HU",2005,0,0,0,0
34,"HU",2005,0,0,0,0
35,"HU",2005,0,0,0,0
36,"HU",2005,0,0,0,0
37,"HU",2005,0,0,0,0
38,"HU",2005,0,0,0,0
39,"HU",2005,0,0,0,0
40,"HU",2005,0,0,0,0
41,"HU",2005,0,0,0,0
42,"HU",2005,0,0,0,0
43,"HU",2005,0,0,0,0
44,"HU",2005,0,0,0,0
45,"HU",2005,0,0,0,0
46,"HU",2005,0,0,0,0
47,"HU",2005,0,0,0,0
48,"HU",2005,0,0,0,0
49,"HU",2005,0,0,0,0
50,"HU",2005,0,0,0,0
51,"HU",2005,0,0,0,0
52,"HU",2005,0,0,0,0
53,"HU",2005,0,0,0,0
54,"HU",2005,0,0,0,0
55,"HU",2005,0,0,0,0
56,"HU",2005,0,0,0,0
57,"HU",2005,0,0,0,0
58,"HU",2005,0,0,0,0
59,"HU",2005,0,0,0,0
60,"HU",2005,0,0,0,0
61,"HU",2005,0,0,0,0
62,"HU",2005,0,0,0,0
63,"HU",2005,0,0,0,0
64,"HU",2005,0,0,0,0
65,"HU",2005,0,0,0,0
66,"HU",2005,0,0,0,0
67,"HU",2005,0,0,0,0
68,"HU",2005,0,0,0,0
69,"HU",2005,0,0,0,0
70,"HU",2005,0,0,0,0
71,"HU",2005,0,0,0,0
72,"HU",2005,0,0,0,0
73,"HU",2005,0,0,0,0
74,"HU",2005,0,0,0,0
75,"HU",2005,0,0,0,0
76,"HU",2005,0,0,0,0
77,"HU",2005,0,0,0,0
78,"HU",2005,0,0,0,0
79,"HU",2005,0,0,0,0
80,"HU",2005,0,0,0,0
301,"HU",2006,0,0,0,0
311,"HU",2006,0,0,0,0
321,"HU",2006,0,0,0,0
331,"HU",2006,0,0,0,0
341,"HU",2006,0,0,0,0
351,"HU",2006,0,0,0,0
361,"HU",2006,0,0,0,0
371,"HU",2006,0,0,0,0
381,"HU",2006,0,0,0,0
391,"HU",2006,0,0,0,0
401,"HU",2006,0,0,0,0
411,"HU",2006,0,0,0,0
421,"HU",2006,0,0,0,0
431,"HU",2006,0,0,0,0
441,"HU",2006,0,0,0,0
451,"HU",2006,0,0,0,0
461,"HU",2006,0,0,0,0
471,"HU",2006,0,0,0,0
481,"HU",2006,0,0,0,0
491,"HU",2006,0,0,0,0
501,"HU",2006,0,0,0,0
511,"HU",2006,0,0,0,0
521,"HU",2006,0,0,0,0
531,"HU",2006,0,0,0,0
541,"HU",2006,0,0,0,0
551,"HU",2006,0,0,0,0
561,"HU",2006,0,0,0,0
571,"HU",2006,0,0,0,0
581,"HU",2006,0,0,0,0
591,"HU",2006,0,0,0,0
601,"HU",2006,0,0,0,0
611,"HU",2006,0,0,0,0
621,"HU",2006,0,0,0,0
631,"HU",2006,0,0,0,0
641,"HU",2006,0,0,0,0
651,"HU",2006,0,0,0,0
661,"HU",2006,0,0,0,0
671,"HU",2006,0,0,0,0
681,"HU",2006,0,0,0,0
691,"HU",2006,0,0,0,0
701,"HU",2006,0,0,0,0
711,"HU",2006,0,0,0,0
721,"HU",2006,0,0,0,0
731,"HU",2006,0,0,0,0
741,"HU",2006,0,0,0,0
751,"HU",2006,0,0,0,0
761,"HU",2006,0,0,0,0
771,"HU",2006,0,0,0,0
781,"HU",2006,0,0,0,0
791,"HU",2006,0,0,0,0
801,"HU",2006,0,0,0,0
302,"HU",2007,0,0,0,0
312,"HU",2007,0,0,0,0
322,"HU",2007,0,0,0,0
332,"HU",2007,0,0,0,0
342,"HU",2007,0,0,0,0
352,"HU",2007,0,0,0,0
362,"HU",2007,0,0,0,0
372,"HU",2007,0,0,0,0
382,"HU",2007,0,0,0,0
392,"HU",2007,0,0,0,0
402,"HU",2007,0,0,0,0
412,"HU",2007,0,0,0,0
422,"HU",2007,0,0,0,0
432,"HU",2007,0,0,0,0
442,"HU",2007,0,0,0,0
452,"HU",2007,0,0,0,0
462,"HU",2007,0,0,0,0
472,"HU",2007,0,0,0,0
482,"HU",2007,0,0,0,0
492,"HU",2007,0,0,0,0
502,"HU",2007,0,0,0,0
512,"HU",2007,0,0,0,0
522,"HU",2007,0,0,0,0
532,"HU",2007,0,0,0,0
542,"HU",2007,0,0,0,0
552,"HU",2007,0,0,0,0
562,"HU",2007,0,0,0,0
572,"HU",2007,0,0,0,0
582,"HU",2007,0,0,0,0
592,"HU",2007,0,0,0,0
602,"HU",2007,0,0,0,0
612,"HU",2007,0,0,0,0
622,"HU",2007,0,0,0,0
632,"HU",2007,0,0,0,0
642,"HU",2007,0,0,0,0
652,"HU",2007,0,0,0,0
662,"HU",2007,0,0,0,0
672,"HU",2007,0,0,0,0
682,"HU",2007,0,0,0,0
692,"HU",2007,0,0,0,0
702,"HU",2007,0,0,0,0
712,"HU",2007,0,0,0,0
722,"HU",2007,0,0,0,0
732,"HU",2007,0,0,0,0
742,"HU",2007,0,0,0,0
752,"HU",2007,0,0,0,0
762,"HU",2007,0,0,0,0
772,"HU",2007,0,0,0,0
782,"HU",2007,0,0,0,0
792,"HU",2007,0,0,0,0
802,"HU",2007,0,0,0,0
303,"HU",2008,0,0,0,0
313,"HU",2008,0,0,0,0
323,"HU",2008,0,0,0,0
333,"HU",2008,0,0,0,0
343,"HU",2008,0,0,0,0
353,"HU",2008,0,0,0,0
363,"HU",2008,0,0,0,0
373,"HU",2008,0,0,0,0
383,"HU",2008,0,0,0,0
393,"HU",2008,0,0,0,0
403,"HU",2008,0,0,0,0
413,"HU",2008,0,0,0,0
423,"HU",2008,0,0,0,0
433,"HU",2008,0,0,0,0
443,"HU",2008,0,0,0,0
453,"HU",2008,0,0,0,0
463,"HU",2008,0,0,0,0
473,"HU",2008,0,0,0,0
483,"HU",2008,0,0,0,0
493,"HU",2008,0,0,0,0
503,"HU",2008,0,0,0,0
513,"HU",2008,0,0,0,0
523,"HU",2008,0,0,0,0
533,"HU",2008,0,0,0,0
543,"HU",2008,0,0,0,0
553,"HU",2008,0,0,0,0
563,"HU",2008,0,0,0,0
573,"HU",2008,0,0,0,0
583,"HU",2008,0,0,0,0
593,"HU",2008,0,0,0,0
603,"HU",2008,0,0,0,0
613,"HU",2008,0,0,0,0
623,"HU",2008,0,0,0,0
633,"HU",2008,0,0,0,0
643,"HU",2008,0,0,0,0
653,"HU",2008,0,0,0,0
663,"HU",2008,0,0,0,0
673,"HU",2008,0,0,0,0
683,"HU",2008,0,0,0,0
693,"HU",2008,0,0,0,0
703,"HU",2008,0,0,0,0
713,"HU",2008,0,0,0,0
723,"HU",2008,0,0,0,0
733,"HU",2008,0,0,0,0
743,"HU",2008,0,0,0,0
753,"HU",2008,0,0,0,0
763,"HU",2008,0,0,0,0
773,"HU",2008,0,0,0,0
783,"HU",2008,0,0,0,0
793,"HU",2008,0,0,0,0
803,"HU",2008,0,0,0,0
304,"HU",2009,0,0,0,0
314,"HU",2009,0,0,0,0
324,"HU",2009,0,0,0,0
334,"HU",2009,0,0,0,0
344,"HU",2009,0,0,0,0
354,"HU",2009,0,0,0,0
364,"HU",2009,0,0,0,0
374,"HU",2009,0,0,0,0
384,"HU",2009,0,0,0,0
394,"HU",2009,0,0,0,0
404,"HU",2009,0,0,0,0
414,"HU",2009,0,0,0,0
424,"HU",2009,0,0,0,0
434,"HU",2009,0,0,0,0
444,"HU",2009,0,0,0,0
454,"HU",2009,0,0,0,0
464,"HU",2009,0,0,0,0
474,"HU",2009,0,0,0,0
484,"HU",2009,0,0,0,0
494,"HU",2009,0,0,0,0
504,"HU",2009,0,0,0,0
514,"HU",2009,0,0,0,0
524,"HU",2009,0,0,0,0
534,"HU",2009,0,0,0,0
544,"HU",2009,0,0,0,0
554,"HU",2009,0,0,0,0
564,"HU",2009,0,0,0,0
574,"HU",2009,0,0,0,0
584,"HU",2009,0,0,0,0
594,"HU",2009,0,0,0,0
604,"HU",2009,0,0,0,0
614,"HU",2009,0,0,0,0
624,"HU",2009,0,0,0,0
634,"HU",2009,0,0,0,0
644,"HU",2009,0,0,0,0
654,"HU",2009,0,0,0,0
664,"HU",2009,0,0,0,0
674,"HU",2009,0,0,0,0
684,"HU",2009,0,0,0,0
694,"HU",2009,0,0,0,0
704,"HU",2009,0,0,0,0
714,"HU",2009,0,0,0,0
724,"HU",2009,0,0,0,0
734,"HU",2009,0,0,0,0
744,"HU",2009,0,0,0,0
754,"HU",2009,0,0,0,0
764,"HU",2009,0,0,0,0
774,"HU",2009,0,0,0,0
784,"HU",2009,0,0,0,0
794,"HU",2009,0,0,0,0
804,"HU",2009,0,0,0,0
305,"HU",2010,0,0,0,0
315,"HU",2010,0,0,0,0
325,"HU",2010,0,0,0,0
335,"HU",2010,0,0,0,0
345,"HU",2010,0,0,0,0
355,"HU",2010,0,0,0,0
365,"HU",2010,0,0,0,0
375,"HU",2010,0,0,0,0
385,"HU",2010,0,0,0,0
395,"HU",2010,0,0,0,0
405,"HU",2010,0,0,0,0
415,"HU",2010,0,0,0,0
425,"HU",2010,0,0,0,0
435,"HU",2010,0,0,0,0
445,"HU",2010,0,0,0,0
455,"HU",2010,0,0,0,0
465,"HU",2010,0,0,0,0
475,"HU",2010,0,0,0,0
485,"HU",2010,0,0,0,0
495,"HU",2010,0,0,0,0
505,"HU",2010,0,0,0,0
515,"HU",2010,0,0,0,0
525,"HU",2010,0,0,0,0
535,"HU",2010,0,0,0,0
545,"HU",2010,0,0,0,0
555,"HU",2010,0,0,0,0
565,"HU",2010,0,0,0,0
575,"HU",2010,0,0,0,0
585,"HU",2010,0,0,0,0
595,"HU",2010,0,0,0,0
605,"HU",2010,0,0,0,0
615,"HU",2010,0,0,0,0
625,"HU",2010,0,0,0,0
635,"HU",2010,0,0,0,0
645,"HU",2010,0,0,0,0
655,"HU",2010,0,0,0,0
665,"HU",2010,0,0,0,0
675,"HU",2010,0,0,0,0
685,"HU",2010,0,0,0,0
695,"HU",2010,0,0,0,0
705,"HU",2010,0,0,0,0
715,"HU",2010,0,0,0,0
725,"HU",2010,0,0,0,0
735,"HU",2010,0,0,0,0
745,"HU",2010,0,0,0,0
755,"HU",2010,0,0,0,0
765,"HU",2010,0,0,0,0
775,"HU",2010,0,0,0,0
785,"HU",2010,0,0,0,0
795,"HU",2010,0,0,0,0
805,"HU",2010,0,0,0,0
306,"HU",2011,0,0,0,0
316,"HU",2011,0,0,0,0
326,"HU",2011,0,0,0,0
336,"HU",2011,0,0,0,0
346,"HU",2011,0,0,0,0
356,"HU",2011,0,0,0,0
366,"HU",2011,0,0,0,0
376,"HU",2011,0,0,0,0
386,"HU",2011,0,0,0,0
396,"HU",2011,0,0,0,0
406,"HU",2011,0,0,0,0
416,"HU",2011,0,0,0,0
426,"HU",2011,0,0,0,0
436,"HU",2011,0,0,0,0
446,"HU",2011,0,0,0,0
456,"HU",2011,0,0,0,0
466,"HU",2011,0,0,0,0
476,"HU",2011,0,0,0,0
486,"HU",2011,0,0,0,0
496,"HU",2011,0,0,0,0
506,"HU",2011,0,0,0,0
516,"HU",2011,0,0,0,0
526,"HU",2011,0,0,0,0
536,"HU",2011,0,0,0,0
546,"HU",2011,0,0,0,0
556,"HU",2011,0,0,0,0
566,"HU",2011,0,0,0,0
576,"HU",2011,0,0,0,0
586,"HU",2011,0,0,0,0
596,"HU",2011,0,0,0,0
606,"HU",2011,0,0,0,0
616,"HU",2011,0,0,0,0
626,"HU",2011,0,0,0,0
636,"HU",2011,0,0,0,0
646,"HU",2011,0,0,0,0
656,"HU",2011,0,0,0,0
666,"HU",2011,0,0,0,0
676,"HU",2011,0,0,0,0
686,"HU",2011,0,0,0,0
696,"HU",2011,0,0,0,0
706,"HU",2011,0,0,0,0
716,"HU",2011,0,0,0,0
726,"HU",2011,0,0,0,0
736,"HU",2011,0,0,0,0
746,"HU",2011,0,0,0,0
756,"HU",2011,0,0,0,0
766,"HU",2011,0,0,0,0
776,"HU",2011,0,0,0,0
786,"HU",2011,0,0,0,0
796,"HU",2011,0,0,0,0
806,"HU",2011,0,0,0,0
307,"HU",2012,0,0,0,0
317,"HU",2012,0,0,0,0
327,"HU",2012,0,0,0,0
337,"HU",2012,0,0,0,0
347,"HU",2012,0,0,0,0
357,"HU",2012,0,0,0,0
367,"HU",2012,0,0,0,0
377,"HU",2012,0,0,0,0
387,"HU",2012,0,0,0,0
397,"HU",2012,0,0,0,0
407,"HU",2012,0,0,0,0
417,"HU",2012,0,0,0,0
427,"HU",2012,0,0,0,0
437,"HU",2012,0,0,0,0
447,"HU",2012,0,0,0,0
457,"HU",2012,0,0,0,0
467,"HU",2012,0,0,0,0
477,"HU",2012,0,0,0,0
487,"HU",2012,0,0,0,0
497,"HU",2012,0,0,0,0
507,"HU",2012,0,0,0,0
517,"HU",2012,0,0,0,0
527,"HU",2012,0,0,0,0
537,"HU",2012,0,0,0,0
547,"HU",2012,0,0,0,0
557,"HU",2012,0,0,0,0
567,"HU",2012,0,0,0,0
577,"HU",2012,0,0,0,0
587,"HU",2012,0,0,0,0
597,"HU",2012,0,0,0,0
607,"HU",2012,0,0,0,0
617,"HU",2012,0,0,0,0
627,"HU",2012,0,0,0,0
637,"HU",2012,0,0,0,0
647,"HU",2012,0,0,0,0
657,"HU",2012,0,0,0,0
667,"HU",2012,0,0,0,0
677,"HU",2012,0,0,0,0
687,"HU",2012,0,0,0,0
697,"HU",2012,0,0,0,0
707,"HU",2012,0,0,0,0
717,"HU",2012,0,0,0,0
727,"HU",2012,0,0,0,0
737,"HU",2012,0,0,0,0
747,"HU",2012,0,0,0,0
757,"HU",2012,0,0,0,0
767,"HU",2012,0,0,0,0
777,"HU",2012,0,0,0,0
787,"HU",2012,0,0,0,0
797,"HU",2012,0,0,0,0
807,"HU",2012,0,0,0,0
308,"HU",2013,0,0,0,0
318,"HU",2013,0,0,0,0
328,"HU",2013,0,0,0,0
338,"HU",2013,0,0,0,0
348,"HU",2013,0,0,0,0
358,"HU",2013,0,0,0,0
368,"HU",2013,0,0,0,0
378,"HU",2013,0,0,0,0
388,"HU",2013,0,0,0,0
398,"HU",2013,0,0,0,0
408,"HU",2013,0,0,0,0
418,"HU",2013,0,0,0,0
428,"HU",2013,0,0,0,0
438,"HU",2013,0,0,0,0
448,"HU",2013,0,0,0,0
458,"HU",2013,0,0,0,0
468,"HU",2013,0,0,0,0
478,"HU",2013,0,0,0,0
488,"HU",2013,0,0,0,0
498,"HU",2013,0,0,0,0
508,"HU",2013,0,0,0,0
518,"HU",2013,0,0,0,0
528,"HU",2013,0,0,0,0
538,"HU",2013,0,0,0,0
548,"HU",2013,0,0,0,0
558,"HU",2013,0,0,0,0
568,"HU",2013,0,0,0,0
578,"HU",2013,0,0,0,0
588,"HU",2013,0,0,0,0
598,"HU",2013,0,0,0,0
608,"HU",2013,0,0,0,0
618,"HU",2013,0,0,0,0
628,"HU",2013,0,0,0,0
638,"HU",2013,0,0,0,0
648,"HU",2013,0,0,0,0
658,"HU",2013,0,0,0,0
668,"HU",2013,0,0,0,0
678,"HU",2013,0,0,0,0
688,"HU",2013,0,0,0,0
698,"HU",2013,0,0,0,0
708,"HU",2013,0,0,0,0
718,"HU",2013,0,0,0,0
728,"HU",2013,0,0,0,0
738,"HU",2013,0,0,0,0
748,"HU",2013,0,0,0,0
758,"HU",2013,0,0,0,0
768,"HU",2013,0,0,0,0
778,"HU",2013,0,0,0,0
788,"HU",2013,0,0,0,0
798,"HU",2013,0,0,0,0
808,"HU",2013,0,0,0,0
309,"HU",2014,0,0,0,0
319,"HU",2014,0,0,0,0
329,"HU",2014,0,0,0,0
339,"HU",2014,0,0,0,0
349,"HU",2014,0,0,0,0
359,"HU",2014,0,0,0,0
369,"HU",2014,0,0,0,0
379,"HU",2014,0,0,0,0
389,"HU",2014,0,0,0,0
399,"HU",2014,0,0,0,0
409,"HU",2014,0,0,0,0
419,"HU",2014,0,0,0,0
429,"HU",2014,0,0,0,0
439,"HU",2014,0,0,0,0
449,"HU",2014,0,0,0,0
459,"HU",2014,0,0,0,0
469,"HU",2014,0,0,0,0
479,"HU",2014,0,0,0,0
489,"HU",2014,0,0,0,0
499,"HU",2014,0,0,0,0
509,"HU",2014,0,0,0,0
519,"HU",2014,0,0,0,0
529,"HU",2014,0,0,0,0
539,"HU",2014,0,0,0,0
549,"HU",2014,0,0,0,0
559,"HU",2014,0,0,0,0
569,"HU",2014,0,0,0,0
579,"HU",2014,0,0,0,0
589,"HU",2014,0,0,0,0
599,"HU",2014,0,0,0,0
609,"HU",2014,0,0,0,0
619,"HU",2014,0,0,0,0
629,"HU",2014,0,0,0,0
639,"HU",2014,0,0,0,0
649,"HU",2014,0,0,0,0
659,"HU",2014,0,0,0,0
669,"HU",2014,0,0,0,0
679,"HU",2014,0,0,0,0
689,"HU",2014,0,0,0,0
699,"HU",2014,0,0,0,0
709,"HU",2014,0,0,0,0
719,"HU",2014,0,0,0,0
729,"HU",2014,0,0,0,0
739,"HU",2014,0,0,0,0
749,"HU",2014,0,0,0,0
759,"HU",2014,0,0,0,0
769,"HU",2014,0,0,0,0
779,"HU",2014,0,0,0,0
789,"HU",2014,0,0,0,0
799,"HU",2014,0,0,0,0
809,"HU",2014,0,0,0,0
3010,"LV",2005,0,0,3.2568724058411,3.28353619338644
3110,"LV",2005,0,0,3.28763999646388,3.33629089595301
3210,"LV",2005,0,0,3.50380461764102,3.3276385208035
3310,"LV",2005,0,0,3.59097590496478,3.45462493706753
3410,"LV",2005,0,0,3.7005655608894,3.41161406269047
3510,"LV",2005,0,0,3.76629038855123,3.32155207132805
3610,"LV",2005,0,0,3.97532933300669,3.39889898173152
3710,"LV",2005,0,0,4.29664742641478,3.66691902964086
3810,"LV",2005,0,0,4.46381893266186,3.7416857501527
3910,"LV",2005,0,0,4.69134665198384,3.90270051784625
4010,"LV",2005,0,0,4.7583390829954,3.93238710141776
4110,"LV",2005,0,0,4.88706414181198,3.99839714745728
4210,"LV",2005,0,0,4.89313758543005,4.1226474706351
4310,"LV",2005,0,0,4.90676745078742,4.38230713402366
4410,"LV",2005,0,0,4.82944400802481,4.26963348204469
4510,"LV",2005,0,0,4.93480147943414,4.1334622862244
4610,"LV",2005,0,0,4.80992541160609,4.08063010677653
4710,"LV",2005,0,0,4.75030516602105,3.92260150180057
4810,"LV",2005,0,0,4.87127084234212,3.83467451285814
4910,"LV",2005,0,0,4.74028983037923,3.88033256345953
5010,"LV",2005,0,0,4.89891303217042,3.58400295611649
5110,"LV",2005,0,0,4.86049738032015,3.40252238098217
5210,"LV",2005,0,0,5.14255471049067,3.37802213992115
5310,"LV",2005,0,0,5.48242096640748,3.38345237720664
5410,"LV",2005,0,0,5.32726063750732,3.79613373133831
5510,"LV",2005,0,0,5.45183630028562,3.5206177877723
5610,"LV",2005,0,0,5.2803666589921,3.6647272020623
5710,"LV",2005,0,0,5.1938542893978,3.6384736215847
5810,"LV",2005,0,0,5.6257909013876,3.9560894351676
5910,"LV",2005,0,0,5.9715137757999,3.9068327394368
6010,"LV",2005,0,0,6.3888662898754,4.006982403102
6110,"LV",2005,0,0,6.3643471261898,4.2191385034279
6210,"LV",2005,0,0,6.4783291775476,4.3829999539725
6310,"LV",2005,0,0,6.3401428342069,5.2004072207411
6410,"LV",2005,0,0,6.4724288573601,5.4794487545715
6510,"LV",2005,0,0,6.3985496770684,5.9523994898002
6610,"LV",2005,0,0,6.5492147464253,6.0064408882066
6710,"LV",2005,0,0,6.711984768425,6.1752404273955
6810,"LV",2005,0,0,6.5450055691904,6.3624779638398
6910,"LV",2005,0,0,6.4444223321334,6.4048151233746
7010,"LV",2005,0,0,6.4253823490008,6.1602606034813
7110,"LV",2005,0,0,6.2892475832058,6.3102757919734
7210,"LV",2005,0,0,6.3690309087118,6.6553963103451
7310,"LV",2005,0,0,6.2450909778204,6.6540437823285
7410,"LV",2005,0,0,6.5023490018354,6.3331739794502
7510,"LV",2005,0,0,6.3451306536633,6.1441125967284
7610,"LV",2005,0,0,6.2357621242086,5.9096558655154
7710,"LV",2005,0,0,6.5995898783663,5.6317708244829
7810,"LV",2005,0,0,6.6097046357067,5.7865881465134
7910,"LV",2005,0,0,6.430320095991,5.880907177703
8010,"LV",2005,0,0,6.6184976741842,5.7396387715019
3011,"LV",2006,0,0,2.34638765071147,2.02961944228962
3111,"LV",2006,0,0,2.38281947131702,2.03582914895224
3211,"LV",2006,0,0,2.46805130113295,2.22759508153374
3311,"LV",2006,0,0,2.57414236244455,2.13556597627827
3411,"LV",2006,0,0,2.53648824969889,2.14493676723596
3511,"LV",2006,0,0,2.46686162515891,2.25356784604451
3611,"LV",2006,0,0,2.73399310896674,2.16692728202429
3711,"LV",2006,0,0,2.88801267875404,2.27596124199282
3811,"LV",2006,0,0,2.91743351757791,2.26954945728383
3911,"LV",2006,0,0,2.92568352647213,2.24260315088158
4011,"LV",2006,0,0,3.02719101268303,2.23097597181419
4111,"LV",2006,0,0,3.1660963148799,2.47659954637079
4211,"LV",2006,0,0,3.31925721412096,2.37509899351675
4311,"LV",2006,0,0,3.46040168652187,2.41726518069494
4411,"LV",2006,0,0,3.69741583882996,2.45520619308108
4511,"LV",2006,0,0,3.77585443508244,2.54716454884607
4611,"LV",2006,0,0,4.18370320620984,2.6907262238425
4711,"LV",2006,0,0,4.38210567320679,2.658401327106
4811,"LV",2006,0,0,4.85559409347375,3.30453930951198
4911,"LV",2006,0,0,5.15079396338783,3.45736719255539
5011,"LV",2006,0,0,5.84323643795456,3.75318642094915
5111,"LV",2006,0,0,6.27333553827946,3.98357858618836
5211,"LV",2006,0,0,6.82884582412415,4.28054708954284
5311,"LV",2006,0,0,7.2557666969979,4.8704707239543
5411,"LV",2006,0,0,7.4069592458568,5.4210107033164
5511,"LV",2006,0,0,7.4538210232308,6.4237955128411
5611,"LV",2006,0,0,7.7369440068374,7.0226558854872
5711,"LV",2006,0,0,7.4775243188662,7.6300645464346
5811,"LV",2006,0,0,7.4502468856547,7.9151356413994
5911,"LV",2006,0,0,7.5860107611104,8.1787706459174
6011,"LV",2006,0,0,7.6692354915867,8.2775368848158
6111,"LV",2006,0,0,7.2958290447611,8.6361982382241
6211,"LV",2006,0,0,7.143149149992,8.7619245132197
6311,"LV",2006,0,0,7.1199118657423,8.7721860442253
6411,"LV",2006,0,0,7.0490155450472,8.5723988750412
6511,"LV",2006,0,0,6.8928241283613,8.8152270729447
6611,"LV",2006,0,0,7.6620718678872,8.99014214804
6711,"LV",2006,0,0,7.7329492722853,8.6449659772598
6811,"LV",2006,0,0,7.952570355251,8.7717145546793
6911,"LV",2006,0,0,7.9840199946038,8.2777727900633
7011,"LV",2006,0,0,8.1290668660838,8.2577844080115
7111,"LV",2006,0,0,8.0029791135896,8.0146873724488
7211,"LV",2006,0,0,7.8973947267338,7.7121808122412
7311,"LV",2006,0,0,8.0558639240361,8.1481766238914
7411,"LV",2006,0,0,7.5431801911011,8.155489330719
7511,"LV",2006,0,0,7.612942409577,8.1670214351148
7611,"LV",2006,0,0,7.3850622109908,8.09244468117
7711,"LV",2006,0,0,7.1439895977601,7.6356999496772
7811,"LV",2006,0,0,6.9461003205585,7.5240206924976
7911,"LV",2006,0,0,7.0980556341604,7.1406666025999
8011,"LV",2006,0,0,6.4789396792297,7.0940360855633
3012,"LV",2007,0,0,2.47090692073431,3.24710131200408
3112,"LV",2007,0,0,2.719259188042,3.26776588337728
3212,"LV",2007,0,0,2.77903610299933,3.15522303089496
3312,"LV",2007,0,0,3.06718683113622,3.0628313016691
3412,"LV",2007,0,0,3.17443651612363,3.29748797291365
3512,"LV",2007,0,0,3.37650731872917,3.33544627216659
3612,"LV",2007,0,0,3.54451151754993,3.28684746396023
3712,"LV",2007,0,0,3.54960042220854,3.5519574375713
3812,"LV",2007,0,0,3.95800531532695,3.60119126958482
3912,"LV",2007,0,0,4.14360061682137,3.7687187375194
4012,"LV",2007,0,0,4.81030263303432,4.0149265117774
4112,"LV",2007,0,0,4.9798792279738,4.17493887603632
4212,"LV",2007,0,0,4.91105909716778,4.52807291895821
4312,"LV",2007,0,0,5.00886254437719,4.69583281852718
4412,"LV",2007,0,0,5.42703323057443,5.30551372640283
4512,"LV",2007,0,0,5.6061280554637,5.6432133827469
4612,"LV",2007,0,0,6.12872785235175,5.77505641267045
4712,"LV",2007,0,0,6.33787202407266,5.857724474801
4812,"LV",2007,0,0,6.74555670203088,6.02813077174925
4912,"LV",2007,0,0,7.12527729916512,6.55191179039652
5012,"LV",2007,0,0,7.55786360795292,6.80538112952691
5112,"LV",2007,0,0,7.57558247584794,7.60970387493127
5212,"LV",2007,0,0,7.57718287398947,8.10269323060264
5312,"LV",2007,0,0,7.76416693345167,8.57735834123989
5412,"LV",2007,0,0,8.00377321133008,9.29274066016749
5512,"LV",2007,0,0,8.18353398134967,9.68444672363369
5612,"LV",2007,0,0,8.21849009955498,10.0872755879649
5712,"LV",2007,0,0,8.3901656854195,10.6438353652351
5812,"LV",2007,0,0,8.6457291288281,10.7625189832413
5912,"LV",2007,0,0,9.1743775170247,10.7641894145066
6012,"LV",2007,0,0,9.5311395078913,11.2080953698698
6112,"LV",2007,0,0,9.3774531353386,11.2192547479236
6212,"LV",2007,0,0,9.2418756176261,11.1875979254716
6312,"LV",2007,0,0,9.1487111580671,11.1532987609913
6412,"LV",2007,0,0,9.6165312128757,11.3387923772862
6512,"LV",2007,0,0,10.3927425867701,11.4947678656317
6612,"LV",2007,0,0,10.5159052107239,11.6070041108798
6712,"LV",2007,0,0,10.6640854451015,11.3957742544518
6812,"LV",2007,0,0,10.5585188362737,11.3027999134215
6912,"LV",2007,0,0,10.9712340983785,11.3809232991184
7012,"LV",2007,0,0,10.9618655760766,11.2948839834058
7112,"LV",2007,0,0,10.6721658827026,11.1927257004266
7212,"LV",2007,0,0,10.7263038520797,11.4204228662069
7312,"LV",2007,0,0,10.780446150508,11.2560613199579
7412,"LV",2007,0,0,10.58042693458,11.0134243712751
7512,"LV",2007,0,0,10.3029406269355,10.8379868913798
7612,"LV",2007,0,0,9.8282018274937,10.5043389196658
7712,"LV",2007,0,0,9.7473425658777,10.1596926721634
7812,"LV",2007,0,0,9.7636919960053,9.7678390922777
7912,"LV",2007,0,0,9.5338748287456,9.5217693607692
8012,"LV",2007,0,0,9.0937317032005,9.3217583959086
3013,"LV",2008,0,0,3.28180164510982,2.85252146578354
3113,"LV",2008,0,0,3.36432501562519,3.09952382387449
3213,"LV",2008,0,0,3.9087835109658,3.32649657857954
3313,"LV",2008,0,0,3.98311357187379,3.52707897521534
3413,"LV",2008,0,0,4.34105380486066,3.54100717978065
3513,"LV",2008,0,0,4.78890805833315,3.77288560545229
3613,"LV",2008,0,0,5.31089967410604,4.29913773285362
3713,"LV",2008,0,0,5.88681930319984,4.57403076015829
3813,"LV",2008,0,0,6.53663973615803,4.95725872290103
3913,"LV",2008,0,0,7.30593375487467,5.44578402863572
4013,"LV",2008,0,0,7.8278977181376,6.16431114344993
4113,"LV",2008,0,0,8.50009564826916,6.9582861519276
4213,"LV",2008,0,0,8.84170735440854,7.82566277239807
4313,"LV",2008,0,0,9.60285564182375,8.70256925477833
4413,"LV",2008,0,0,10.0769472125477,9.7288957554391
4513,"LV",2008,0,0,10.8772152891701,10.58387776693
4613,"LV",2008,0,0,11.0949587262554,11.2181140252856
4713,"LV",2008,0,0,11.5377692514355,12.011182150741
4813,"LV",2008,0,0,11.9241004455458,12.3700682215881
4913,"LV",2008,0,0,12.4477447275076,12.9416736039125
5013,"LV",2008,0,0,12.7417406069089,13.3897547999801
5113,"LV",2008,0,0,13.3596898508085,14.0032118748074
5213,"LV",2008,0,0,13.7809681666458,14.6239759847901
5313,"LV",2008,0,0,13.9910096117568,14.950901310906
5413,"LV",2008,0,0,14.220440264808,15.1439562132181
5513,"LV",2008,0,0,14.3207788515068,15.3599676461286
5613,"LV",2008,0,0,14.3983720731895,15.8515367522724
5713,"LV",2008,0,0,14.5687533780536,16.0948765050563
5813,"LV",2008,0,0,14.6886810081035,16.4925588075773
5913,"LV",2008,0,0,14.6168248552278,16.6677719724881
6013,"LV",2008,0,0,14.1918511010703,16.7662558975863
6113,"LV",2008,0,0,14.2332653886163,16.7170018026001
6213,"LV",2008,0,0,14.2023988340813,16.7159257702447
6313,"LV",2008,0,0,13.9442349163331,16.6695138617014
6413,"LV",2008,0,0,13.611324540529,16.5829330616103
6513,"LV",2008,0,0,13.1537400786259,16.6939492153832
6613,"LV",2008,0,0,13.0220771081756,16.3780061137644
6713,"LV",2008,0,0,12.8424803853297,16.3153311812529
6813,"LV",2008,0,0,12.6424552315037,16.1277206269248
6913,"LV",2008,0,0,12.4085635686829,16.0187197680326
7013,"LV",2008,0,0,12.3051424886789,15.6072186952474
7113,"LV",2008,0,0,11.9340475070181,15.1761046129426
7213,"LV",2008,0,0,11.9430414113457,14.7350153438961
7313,"LV",2008,0,0,11.5935995280062,14.1944263405439
7413,"LV",2008,0,0,11.3553547560114,13.8190791796338
7513,"LV",2008,0,0,11.1696151196143,13.2565575707286
7613,"LV",2008,0,0,10.8980702526562,12.8903255654448
7713,"LV",2008,0,0,10.7777267011206,12.4954218729506
7813,"LV",2008,0,0,10.3216337661006,12.150034884995
7913,"LV",2008,0,0,9.9195558477865,11.5262126694384
8013,"LV",2008,0,0,9.3914211063783,11.0847387060042
3014,"LV",2009,0,0,4.5729519959006,3.68100981033037
3114,"LV",2009,0,0,4.93563502597149,3.96462731811856
3214,"LV",2009,0,0,5.11939547161883,4.21261679141925
3314,"LV",2009,0,0,5.44159548022502,4.37066768183356
3414,"LV",2009,0,0,5.64998981914254,4.68765807174665
3514,"LV",2009,0,0,5.90317559880152,5.03026685689167
3614,"LV",2009,0,0,6.28300207247354,5.24637607405148
3714,"LV",2009,0,0,6.51449681618957,5.45829359184131
3814,"LV",2009,0,0,7.04765287481374,5.67891365592603
3914,"LV",2009,0,0,7.59328218715461,6.15109728170057
4014,"LV",2009,0,0,8.34368032821152,6.45151972865461
4114,"LV",2009,0,0,9.14430722751793,6.82041235384045
4214,"LV",2009,0,0,9.74369122270388,6.95296291669459
4314,"LV",2009,0,0,10.2437201182746,7.27353459731731
4414,"LV",2009,0,0,10.7568632938158,7.80331723894985
4514,"LV",2009,0,0,11.2473597335523,8.31555660547124
4614,"LV",2009,0,0,11.8662495428625,9.20812012588936
4714,"LV",2009,0,0,12.1940079042093,10.2938761933974
4814,"LV",2009,0,0,12.4933541262849,11.1606459367295
4914,"LV",2009,0,0,12.7667096880408,11.8421344676601
5014,"LV",2009,0,0,12.8139400706239,12.6938096745938
5114,"LV",2009,0,0,12.9308666187189,13.2483444605427
5214,"LV",2009,0,0,13.1590116924508,13.9469034031682
5314,"LV",2009,0,0,13.3358063022387,14.362671480768
5414,"LV",2009,0,0,13.460740018853,14.6604106308612
5514,"LV",2009,0,0,13.6118649995408,15.1935560022752
5614,"LV",2009,0,0,13.7931155835888,15.110186856289
5714,"LV",2009,0,0,14.157873010393,15.1625626845611
5814,"LV",2009,0,0,14.6576925764267,15.5911301730722
5914,"LV",2009,0,0,14.8415626651183,15.7817695134082
6014,"LV",2009,0,0,15.0763468911229,15.8408648779483
6114,"LV",2009,0,0,15.1672408845148,16.1625195924208
6214,"LV",2009,0,0,15.0551491604211,16.2996206869634
6314,"LV",2009,0,0,15.0619369259947,16.5938483993618
6414,"LV",2009,0,0,15.4911848302091,16.624542668689
6514,"LV",2009,0,0,15.2085405644523,16.8160647285626
6614,"LV",2009,0,0,15.2007572000195,16.7091952902405
6714,"LV",2009,0,0,15.2008089666017,16.4486637661671
6814,"LV",2009,0,0,14.902054131957,16.6288796482977
6914,"LV",2009,0,0,14.5903621653686,16.5303601573421
7014,"LV",2009,0,0,14.1263509738281,16.2807475413346
7114,"LV",2009,0,0,13.9719299298851,15.7475889564966
7214,"LV",2009,0,0,13.6105163090858,15.7170968081324
7314,"LV",2009,0,0,13.0788840063461,15.5713350812507
7414,"LV",2009,0,0,12.7158062881207,15.3736902829314
7514,"LV",2009,0,0,12.1431080363876,14.8696737269787
7614,"LV",2009,0,0,11.74169163312,14.4089832941412
7714,"LV",2009,0,0,11.0736362495202,13.8775347845971
7814,"LV",2009,0,0,10.8601605411131,13.2779146457518
7914,"LV",2009,0,0,10.7181257036585,12.4346343600513
8014,"LV",2009,0,0,10.4149537983705,12.0748062949049
3015,"LV",2010,0,0,4.72287674390337,4.75076891020555
3115,"LV",2010,0,0,4.97080245271811,5.0054040436113
3215,"LV",2010,0,0,5.17789068421205,5.09894642886823
3315,"LV",2010,0,0,5.40820919537816,5.20195003002312
3415,"LV",2010,0,0,5.61722919023256,5.35270845624279
3515,"LV",2010,0,0,5.63121430099691,5.52806720976469
3615,"LV",2010,0,0,5.75280353073222,5.61255746006854
3715,"LV",2010,0,0,5.81616246591254,5.69264014890226
3815,"LV",2010,0,0,6.01230516393711,5.74178346278704
3915,"LV",2010,0,0,6.11092035778762,5.74210449633315
4015,"LV",2010,0,0,6.24701526989909,5.76476528083884
4115,"LV",2010,0,0,6.59091549941996,6.02205052520669
4215,"LV",2010,0,0,6.55613074385514,6.03630295444202
4315,"LV",2010,0,0,6.97953263180864,5.73971011586745
4415,"LV",2010,0,0,6.975720706962,5.86191058444161
4515,"LV",2010,0,0,7.18039701707879,5.89139318343762
4615,"LV",2010,0,0,7.23931318856585,6.04509496424142
4715,"LV",2010,0,0,7.11983146728789,6.18781020686605
4815,"LV",2010,0,0,7.22910767668819,6.18453191341082
4915,"LV",2010,0,0,7.56337643276117,6.28676784796348
5015,"LV",2010,0,0,7.64812426689203,6.2084398923692
5115,"LV",2010,0,0,7.56026905006034,6.1889501475351
5215,"LV",2010,0,0,7.59617256068202,6.16306031027114
5315,"LV",2010,0,0,7.83351740268452,6.32899216144169
5415,"LV",2010,0,0,8.02700399282347,6.40687322915221
5515,"LV",2010,0,0,7.92993016402413,6.40752781907821
5615,"LV",2010,0,0,7.89601568210285,6.36736543048076
5715,"LV",2010,0,0,8.09478040946692,6.52210957232609
5815,"LV",2010,0,0,8.0826179848602,6.74810219591568
5915,"LV",2010,0,0,8.1142916380383,6.576426879851
6015,"LV",2010,0,0,8.1836288133358,6.783488416817
6115,"LV",2010,0,0,8.4521760323863,6.5916442528403
6215,"LV",2010,0,0,8.5873211200313,6.7539237849328
6315,"LV",2010,0,0,8.7724145492374,7.0922177257704
6415,"LV",2010,0,0,8.9346743753163,7.3569318881007
6515,"LV",2010,0,0,9.0777568099764,7.8142027235937
6615,"LV",2010,0,0,9.2924809658025,8.113864928
6715,"LV",2010,0,0,9.525563438922,8.3128051994347
6815,"LV",2010,0,0,9.7728092216033,8.4508623813589
6915,"LV",2010,0,0,9.5877694789573,8.7939763036719
7015,"LV",2010,0,0,9.3221404648778,8.9818304959883
7115,"LV",2010,0,0,8.935612089387,9.1227320449638
7215,"LV",2010,0,0,8.6026193086108,9.0877366550902
7315,"LV",2010,0,0,8.6126823542727,9.1179917226775
7415,"LV",2010,0,0,8.3734765856057,8.980534904409
7515,"LV",2010,0,0,8.3730333137927,9.0403786876822
7615,"LV",2010,0,0,8.1416054207743,9.1302587361109
7715,"LV",2010,0,0,7.98789122309,8.7721925494955
7815,"LV",2010,0,0,7.5460469992741,8.5199101101564
7915,"LV",2010,0,0,6.9672815439669,8.0582271729338
8015,"LV",2010,0,0,6.6096551001448,7.6846163290067
3016,"LV",2011,0,0,4.21045907883922,4.02993694155758
3116,"LV",2011,0,0,4.33242443009049,4.18268133656573
3216,"LV",2011,0,0,4.3879174899458,4.43768214711967
3316,"LV",2011,0,0,4.45936712548374,4.46792366964198
3416,"LV",2011,0,0,4.8865440403844,4.53901645073516
3516,"LV",2011,0,0,4.88214426669701,4.70442486828111
3616,"LV",2011,0,0,5.11576164794839,4.86176896986529
3716,"LV",2011,0,0,5.31603512728663,5.13662934704508
3816,"LV",2011,0,0,5.36029522562676,5.16161165126099
3916,"LV",2011,0,0,5.6082197054973,5.23684685444664
4016,"LV",2011,0,0,5.7319178648182,5.24174935386967
4116,"LV",2011,0,0,5.97103188127525,5.24626081193705
4216,"LV",2011,0,0,5.74621333252313,5.33635742859109
4316,"LV",2011,0,0,5.70849984777379,5.22808783808491
4416,"LV",2011,0,0,5.76949366026193,5.34406009851124
4516,"LV",2011,0,0,5.99471871326154,5.29452679479045
4616,"LV",2011,0,0,5.92283375965884,5.31346908474009
4716,"LV",2011,0,0,6.02487186076636,5.18388574751263
4816,"LV",2011,0,0,5.97229964902042,5.26766541145064
4916,"LV",2011,0,0,5.92433872109708,5.26639137046125
5016,"LV",2011,0,0,5.94375661229816,5.39681025806235
5116,"LV",2011,0,0,6.09311332697096,5.32823368885059
5216,"LV",2011,0,0,5.84047806537171,5.05841968502684
5316,"LV",2011,0,0,5.83567223843452,4.84326403649503
5416,"LV",2011,0,0,5.80700710863117,4.81428523247828
5516,"LV",2011,0,0,5.7414756505913,4.86705483989533
5616,"LV",2011,0,0,5.8271276716834,4.6821563402919
5716,"LV",2011,0,0,5.8475101316801,4.733939098388
5816,"LV",2011,0,0,5.640836981058,4.6381634908973
5916,"LV",2011,0,0,5.4802528376286,4.5623220865642
6016,"LV",2011,0,0,5.3077515186675,4.4165714946403
6116,"LV",2011,0,0,5.559289135162,4.2263379561089
6216,"LV",2011,0,0,5.3304993099924,4.0786882250763
6316,"LV",2011,0,0,5.2562103136752,3.7537662790429
6416,"LV",2011,0,0,4.9335491420866,3.6107260700193
6516,"LV",2011,0,0,4.933284893499,3.282730111558
6616,"LV",2011,0,0,4.7901247787202,3.04384962096
6716,"LV",2011,0,0,4.9189943000756,2.7636250681878
6816,"LV",2011,0,0,5.0384093181718,2.7302741432289
6916,"LV",2011,0,0,5.0847840505592,2.8732939472897
7016,"LV",2011,0,0,5.0445986946412,2.7023163308379
7116,"LV",2011,0,0,4.8253369461196,2.457501511315
7216,"LV",2011,0,0,5.0557054885669,2.5883455103625
7316,"LV",2011,0,0,5.2847091100097,2.7827213107738
7416,"LV",2011,0,0,5.471090951072,3.0964938182522
7516,"LV",2011,0,0,5.5756088036904,3.5842723273241
7616,"LV",2011,0,0,5.4661252191036,3.4058624847745
7716,"LV",2011,0,0,5.4955177355115,3.5791202981322
7816,"LV",2011,0,0,5.4576075544685,3.8913296241633
7916,"LV",2011,0,0,5.3064984966592,4.109185859146
8016,"LV",2011,0,0,4.9959465729966,4.0473112829387
3017,"LV",2012,0,0,3.17534630877263,3.52040371525025
3117,"LV",2012,0,0,3.30533608571775,3.63603601406218
3217,"LV",2012,0,0,3.64664076070426,3.66468030858962
3317,"LV",2012,0,0,3.74102100621933,3.62568886631699
3417,"LV",2012,0,0,3.86735785082279,3.80131281792455
3517,"LV",2012,0,0,3.93001866133535,4.14280697070019
3617,"LV",2012,0,0,4.03788535418654,4.20746796527018
3717,"LV",2012,0,0,4.20687312098331,4.19157504209602
3817,"LV",2012,0,0,4.3724224445212,4.36863236394065
3917,"LV",2012,0,0,4.3695648709462,4.51239092370349
4017,"LV",2012,0,0,4.32551922557175,4.46431193434559
4117,"LV",2012,0,0,4.39668559692913,4.56768722928989
4217,"LV",2012,0,0,4.62716109113347,4.5844157563621
4317,"LV",2012,0,0,4.64321420779003,4.68250248999912
4417,"LV",2012,0,0,4.62598635309161,4.67306835962201
4517,"LV",2012,0,0,4.68715599356209,4.6262069481831
4617,"LV",2012,0,0,4.6970969663883,4.73034006217117
4717,"LV",2012,0,0,4.77092970586833,4.51987525730312
4817,"LV",2012,0,0,5.00300466388814,4.48801543269
4917,"LV",2012,0,0,5.17837784503912,4.51125138865745
5017,"LV",2012,0,0,5.28100393258197,4.5596821914574
5117,"LV",2012,0,0,5.27864047177674,4.67790518880855
5217,"LV",2012,0,0,5.01955831079038,4.79358473370531
5317,"LV",2012,0,0,5.02798965771247,4.77613403411472
5417,"LV",2012,0,0,4.98292148257267,4.83306848458014
5517,"LV",2012,0,0,5.2966680769398,4.68120729562227
5617,"LV",2012,0,0,5.3622361396818,4.599895421754
5717,"LV",2012,0,0,5.2416274747126,4.3311186918181
5817,"LV",2012,0,0,5.2737753205243,4.2290036887296
5917,"LV",2012,0,0,5.419914563709,4.1421520299193
6017,"LV",2012,0,0,5.5997289814277,4.4158500238416
6117,"LV",2012,0,0,5.5820457442687,4.5777705453882
6217,"LV",2012,0,0,5.629327004772,4.2851482205449
6317,"LV",2012,0,0,6.3319219800987,4.1989830113575
6417,"LV",2012,0,0,6.57442496785,4.439351775115
6517,"LV",2012,0,0,6.9780392173277,4.3040238772543
6617,"LV",2012,0,0,7.410571806007,4.6828588021422
6717,"LV",2012,0,0,7.269036638287,4.7140701286736
6817,"LV",2012,0,0,7.4504198547462,5.0088774055979
6917,"LV",2012,0,0,7.5342845364952,5.3377793091788
7017,"LV",2012,0,0,7.4717302189174,5.6733681235218
7117,"LV",2012,0,0,7.3772854678504,6.0268210551518
7217,"LV",2012,0,0,7.2341279022907,6.2880728704536
7317,"LV",2012,0,0,7.1953079504814,6.3167841877714
7417,"LV",2012,0,0,7.1134636170117,6.2747051631826
7517,"LV",2012,0,0,7.2253936040274,6.4524912575909
7617,"LV",2012,0,0,7.1904490429989,6.695939572663
7717,"LV",2012,0,0,6.7603587824554,6.3611094645541
7817,"LV",2012,0,0,6.5236756414489,6.235392612487
7917,"LV",2012,0,0,6.4354185645964,6.0996269727763
8017,"LV",2012,0,0,5.7484140725247,6.106631077897
3018,"LV",2013,0,0,2.80228301091299,2.58659030929208
3118,"LV",2013,0,0,3.01197124670148,2.98814277848274
3218,"LV",2013,0,0,3.18239724013257,3.03489497867363
3318,"LV",2013,0,0,3.13507173418645,3.15230413288068
3418,"LV",2013,0,0,3.18685937300773,3.3261986070099
3518,"LV",2013,0,0,3.53819490211029,3.38511000163371
3618,"LV",2013,0,0,3.64558018487505,3.26941548030635
3718,"LV",2013,0,0,3.69654114575283,3.31744025215061
3818,"LV",2013,0,0,3.71602323827241,3.52519616550761
3918,"LV",2013,0,0,3.76025921133136,3.74123555871548
4018,"LV",2013,0,0,3.81562328213287,3.69694566083177
4118,"LV",2013,0,0,3.81472211887843,3.63832304665585
4218,"LV",2013,0,0,3.89047730837192,3.56414609453924
4318,"LV",2013,0,0,3.9693083594733,3.5839715272626
4418,"LV",2013,0,0,4.22871574101321,3.55984619195485
4518,"LV",2013,0,0,4.38911966732614,3.6284343223601
4618,"LV",2013,0,0,4.64751567479314,3.69126672747522
4718,"LV",2013,0,0,4.60560404493929,3.61408238146016
4818,"LV",2013,0,0,4.60947124358859,3.78622229815844
4918,"LV",2013,0,0,4.69144188849365,3.80125015727665
5018,"LV",2013,0,0,4.36361211284097,3.87601390138535
5118,"LV",2013,0,0,4.51911983445553,3.84942194052401
5218,"LV",2013,0,0,4.64375214056684,3.96237110705789
5318,"LV",2013,0,0,4.66483135343681,3.88873760651756
5418,"LV",2013,0,0,4.57588521924412,3.87310976770573
5518,"LV",2013,0,0,4.8328619241869,3.5239490504026
5618,"LV",2013,0,0,4.9172886718126,3.5513886313834
5718,"LV",2013,0,0,5.098919834619,3.7052870650846
5818,"LV",2013,0,0,5.2343967164597,3.8538635168072
5918,"LV",2013,0,0,5.6072942789956,3.7586273740016
6018,"LV",2013,0,0,5.7771689216243,4.0396415607675
6118,"LV",2013,0,0,6.1708404184796,4.0878878789873
6218,"LV",2013,0,0,6.1350803887033,4.2063300991521
6318,"LV",2013,0,0,6.5847711291443,4.4158916506419
6418,"LV",2013,0,0,6.8119714297514,4.5168792979785
6518,"LV",2013,0,0,6.9962256760253,4.9115963383336
6618,"LV",2013,0,0,7.2316390487878,5.36054834943
6718,"LV",2013,0,0,7.1432836749837,5.5381978819435
6818,"LV",2013,0,0,7.2520615665661,5.7975301183597
6918,"LV",2013,0,0,7.3468383186312,6.4692822502126
7018,"LV",2013,0,0,7.4400243020166,6.8741094546013
7118,"LV",2013,0,0,7.3012038548694,7.0754296107194
7218,"LV",2013,0,0,7.4590114107502,7.3575163641851
7318,"LV",2013,0,0,7.2530785756311,7.3050948154458
7418,"LV",2013,0,0,6.9536476137465,7.258539416451
7518,"LV",2013,0,0,6.5364194882316,7.2139184661136
7618,"LV",2013,0,0,6.3731210061092,7.294370061369
7718,"LV",2013,0,0,6.2832467511564,7.1091846120055
7818,"LV",2013,0,0,6.3113140421129,7.0319722559154
7918,"LV",2013,0,0,6.3199683919032,6.810638279859
8018,"LV",2013,0,0,6.3135027149973,6.5024585810058
3019,"LV",2014,0,0,3.02574213467212,3.11493332797793
3119,"LV",2014,0,0,3.07100686806803,3.13323436399899
3219,"LV",2014,0,0,3.20593333291554,3.14425154349975
3319,"LV",2014,0,0,3.05409059342272,3.26974764103307
3419,"LV",2014,0,0,3.19655831816246,3.2756870980798
3519,"LV",2014,0,0,3.08336382672209,3.28382279592537
3619,"LV",2014,0,0,3.20650064296065,3.12452484787739
3719,"LV",2014,0,0,3.07105954536611,3.14299427475659
3819,"LV",2014,0,0,3.05177449087191,3.12044676011278
3919,"LV",2014,0,0,2.985617272677,2.92648430980074
4019,"LV",2014,0,0,2.97478473509616,2.95316785549699
4119,"LV",2014,0,0,3.05162474098783,2.99246784577403
4219,"LV",2014,0,0,3.00259885829638,2.91749762284644
4319,"LV",2014,0,0,3.1788952388834,2.86335364291872
4419,"LV",2014,0,0,3.19457499585287,2.9700799164787
4519,"LV",2014,0,0,3.39843694804404,3.01115524524469
4619,"LV",2014,0,0,3.72150060704255,2.94576271205887
4719,"LV",2014,0,0,3.76468016429378,3.00110385295694
4819,"LV",2014,0,0,4.12078889754526,3.0146441530979
4919,"LV",2014,0,0,4.19019098589279,3.00682773186224
5019,"LV",2014,0,0,4.1189482074457,2.96331964857217
5119,"LV",2014,0,0,4.26115698756231,3.33250402904463
5219,"LV",2014,0,0,4.43930555770717,3.57837898114575
5319,"LV",2014,0,0,4.76833542725493,3.73938883335791
5419,"LV",2014,0,0,4.9926233328105,3.86071074226096
5519,"LV",2014,0,0,5.1461429159338,4.1424140447687
5619,"LV",2014,0,0,5.4431609023596,4.3652631672195
5719,"LV",2014,0,0,5.9321200965398,4.6732811693307
5819,"LV",2014,0,0,6.2085674933693,5.1285104016559
5919,"LV",2014,0,0,6.5602220958367,5.5764566616136
6019,"LV",2014,0,0,6.7354103406396,5.9011987068299
6119,"LV",2014,0,0,6.8319774574031,6.1700779891119
6219,"LV",2014,0,0,6.9162729757925,6.8019974996548
6319,"LV",2014,0,0,7.2880939982232,7.0840572787256
6419,"LV",2014,0,0,7.3183213652269,7.4692658226972
6519,"LV",2014,0,0,7.3301218744063,8.0053684391287
6619,"LV",2014,0,0,7.3208758475394,8.1151811040187
6719,"LV",2014,0,0,7.1417850587879,8.6574933798268
6819,"LV",2014,0,0,7.1641075131935,8.645006060712
6919,"LV",2014,0,0,7.4505961850752,8.9954614286384
7019,"LV",2014,0,0,7.1397937896132,9.0681480173618
7119,"LV",2014,0,0,6.7349243499142,8.9123084994468
7219,"LV",2014,0,0,6.8384596957009,8.5436318884158
7319,"LV",2014,0,0,6.2184151643493,8.4150619274566
7419,"LV",2014,0,0,6.260222638128,7.8440240024963
7519,"LV",2014,0,0,6.1941543245836,8.0169579956014
7619,"LV",2014,0,0,6.3379594007599,7.973241043548
7719,"LV",2014,0,0,5.9639496371977,7.805664949516
7819,"LV",2014,0,0,5.6550242419497,7.463190719468
7919,"LV",2014,0,0,5.3517994056688,7.5385175660097
8019,"LV",2014,0,0,5.4571618254239,7.1168593101983
3020,"CZ",2005,0,0,-0.10153780345572,-0.16744454073333
3120,"CZ",2005,0,0,-0.17256851749657,-0.17726401050605
3220,"CZ",2005,0,0,-0.31441100666884,-0.22756317931917
3320,"CZ",2005,0,0,-0.14910098282507,-0.27455795257581
3420,"CZ",2005,0,0,-0.27081382168532,-0.561081295266
3520,"CZ",2005,0,0,-0.28144863106347,-0.54406055456188
3620,"CZ",2005,0,0,-0.40710550659037,-0.53727415214609
3720,"CZ",2005,0,0,-0.43308361461599,-0.49150902422032
3820,"CZ",2005,0,0,-0.45092230778987,-0.66339433295266
3920,"CZ",2005,0,0,-0.54630534344992,-0.61870591781118
4020,"CZ",2005,0,0,-0.54138743519154,-0.7551234746985
4120,"CZ",2005,0,0,-0.70772360788659,-0.8552381859814
4220,"CZ",2005,0,0,-0.81396011879045,-0.96080812459097
4320,"CZ",2005,0,0,-1.09893119499093,-0.96235319049556
4420,"CZ",2005,0,0,-1.42865882682353,-1.20266972002021
4520,"CZ",2005,0,0,-1.3462895391143,-1.54514632698899
4620,"CZ",2005,0,0,-1.62086117244004,-1.8619744985889
4720,"CZ",2005,0,0,-1.74574718514362,-2.04825684809745
4820,"CZ",2005,0,0,-1.69527773193796,-2.32245249221571
4920,"CZ",2005,0,0,-1.99605922078487,-2.42447835765924
5020,"CZ",2005,0,0,-2.1356679426801,-2.6512758210869
5120,"CZ",2005,0,0,-2.02391819426889,-2.78934206371485
5220,"CZ",2005,0,0,-2.14240228513935,-3.03294461410071
5320,"CZ",2005,0,0,-2.14619259400923,-2.88674398102037
5420,"CZ",2005,0,0,-2.39212868646336,-2.8980213474836
5520,"CZ",2005,0,0,-2.63287201461011,-3.45806579642173
5620,"CZ",2005,0,0,-2.8490460384117,-3.61351063451776
5720,"CZ",2005,0,0,-2.73982752183913,-3.84814635142422
5820,"CZ",2005,0,0,-2.91140396705467,-3.83475583359194
5920,"CZ",2005,0,0,-3.17273424141308,-3.98400965584654
6020,"CZ",2005,0,0,-3.159889570532,-3.93286008273945
6120,"CZ",2005,0,0,-3.3789924606745,-4.03763660912472
6220,"CZ",2005,0,0,-3.2200068788689,-4.1428565678648
6320,"CZ",2005,0,0,-3.2589844162543,-4.2202215013527
6420,"CZ",2005,0,0,-3.2465532818358,-4.3319157611211
6520,"CZ",2005,0,0,-3.4757619867531,-4.192731905404
6620,"CZ",2005,0,0,-3.3080677161714,-4.027005034493
6720,"CZ",2005,0,0,-3.1924231014673,-3.9429617632363
6820,"CZ",2005,0,0,-3.2492851099803,-3.7464317018609
6920,"CZ",2005,0,0,-3.4508167907071,-3.9459442730274
7020,"CZ",2005,0,0,-3.2777521895539,-3.8519263227259
7120,"CZ",2005,0,0,-2.8817365006463,-3.6231724861052
7220,"CZ",2005,0,0,-2.9009700469632,-3.2352843745999
7320,"CZ",2005,0,0,-2.850965589346,-3.4905127373173
7420,"CZ",2005,0,0,-3.0231978093801,-3.4547284400478
7520,"CZ",2005,0,0,-3.128373757805,-2.7496257952164
7620,"CZ",2005,0,0,-3.060104065709,-2.8069635078557
7720,"CZ",2005,0,0,-2.5646366147154,-2.8250849283818
7820,"CZ",2005,0,0,-2.499607193103,-2.6692593346383
7920,"CZ",2005,0,0,-2.5056156891265,-2.6281313855787
8020,"CZ",2005,0,0,-2.1127855509002,-2.5645011273937
3021,"CZ",2006,0,0,-2.00835105977184,-2.23083977455097
3121,"CZ",2006,0,0,-2.21607248475771,-2.18137517785695
3221,"CZ",2006,0,0,-2.25720453377581,-2.37943679208797
3321,"CZ",2006,0,0,-2.37839136793171,-2.50958532894815
3421,"CZ",2006,0,0,-2.49352017742985,-2.6108377968761
3521,"CZ",2006,0,0,-2.59025867535592,-2.76044427133647
3621,"CZ",2006,0,0,-2.63506226095247,-2.86354102319786
3721,"CZ",2006,0,0,-2.92580770034547,-2.83839478721216
3821,"CZ",2006,0,0,-3.22205447074922,-3.05435046893739
3921,"CZ",2006,0,0,-3.16003216874363,-3.23250590891752
4021,"CZ",2006,0,0,-3.2708568381306,-3.5726935619558
4121,"CZ",2006,0,0,-3.26648602062639,-3.55518955996807
4221,"CZ",2006,0,0,-3.41124272042981,-3.73615928703761
4321,"CZ",2006,0,0,-3.68485718997063,-3.73836409127892
4421,"CZ",2006,0,0,-3.73047479676684,-3.90193682010622
4521,"CZ",2006,0,0,-3.98219611102224,-4.10472459459784
4621,"CZ",2006,0,0,-4.18976344454992,-4.17949109775081
4721,"CZ",2006,0,0,-4.26311207984282,-4.36786083708614
4821,"CZ",2006,0,0,-4.32491004723242,-4.49410576669771
4921,"CZ",2006,0,0,-4.48993221649068,-4.62095399848675
5021,"CZ",2006,0,0,-4.57843729597276,-4.78234822833454
5121,"CZ",2006,0,0,-4.60716481828045,-4.99056660938253
5221,"CZ",2006,0,0,-4.60998934714478,-5.04460922220267
5321,"CZ",2006,0,0,-4.5330870150899,-5.01770273548496
5421,"CZ",2006,0,0,-4.68000059881588,-5.00285259771761
5521,"CZ",2006,0,0,-4.75886759914117,-5.00483718408559
5621,"CZ",2006,0,0,-5.00537855269301,-5.226492716709
5721,"CZ",2006,0,0,-5.3347233902539,-5.21892105563096
5821,"CZ",2006,0,0,-5.58648331773351,-5.45725689431573
5921,"CZ",2006,0,0,-5.76684370383802,-5.7921070165439
6021,"CZ",2006,0,0,-5.67500914571826,-5.92811541978047
6121,"CZ",2006,0,0,-5.96132780298076,-5.94758702961614
6221,"CZ",2006,0,0,-5.94866250193,-6.1571365862914
6321,"CZ",2006,0,0,-6.0502599704709,-6.0489326769403
6421,"CZ",2006,0,0,-6.215618935846,-6.3329552881269
6521,"CZ",2006,0,0,-5.9838480666254,-6.0857659995646
6621,"CZ",2006,0,0,-5.868197426486,-5.9378458197892
6721,"CZ",2006,0,0,-5.826033941424,-6.0552307327315
6821,"CZ",2006,0,0,-5.7966670215556,-5.9675563098212
6921,"CZ",2006,0,0,-5.7620111527234,-5.9597176998788
7021,"CZ",2006,0,0,-5.5838216501326,-5.9815062135685
7121,"CZ",2006,0,0,-5.703293568926,-5.5231544973994
7221,"CZ",2006,0,0,-5.3536058298,-5.4639577281962
7321,"CZ",2006,0,0,-5.2473583767578,-5.0585679014642
7421,"CZ",2006,0,0,-5.2213823272292,-4.9999590555345
7521,"CZ",2006,0,0,-5.043227872376,-4.9997546945903
7621,"CZ",2006,0,0,-5.0780154296538,-4.8561919558208
7721,"CZ",2006,0,0,-4.8306054927503,-5.0290312036381
7821,"CZ",2006,0,0,-5.0257114400275,-4.7831079866413
7921,"CZ",2006,0,0,-4.5018856611078,-4.3378284319214
8021,"CZ",2006,0,0,-4.5114163027774,-4.1927008244435
3022,"CZ",2007,0,0,-0.417107257100446,-0.402479281247599
3122,"CZ",2007,0,0,-0.374419592407307,-0.505507522568441
3222,"CZ",2007,0,0,-0.47060501888333,-0.679863837188971
3322,"CZ",2007,0,0,-0.51415310572425,-0.77783981761984
3422,"CZ",2007,0,0,-0.59900467611897,-0.81725399671452
3522,"CZ",2007,0,0,-0.70613617975614,-0.89085882323714
3622,"CZ",2007,0,0,-0.78453197797891,-1.00979039005462
3722,"CZ",2007,0,0,-0.81833247169532,-1.00728145314369
3822,"CZ",2007,0,0,-0.6900396628798,-1.19000029615459
3922,"CZ",2007,0,0,-0.85214059647168,-1.13238030599793
4022,"CZ",2007,0,0,-0.84174546265904,-1.19460969692919
4122,"CZ",2007,0,0,-0.87241320996157,-1.24572502564905
4222,"CZ",2007,0,0,-1.08493634122842,-1.30305804605731
4322,"CZ",2007,0,0,-1.21692248876838,-1.45757635347402
4422,"CZ",2007,0,0,-1.25825147819113,-1.64095289404878
4522,"CZ",2007,0,0,-1.42637312716932,-1.76194923091643
4622,"CZ",2007,0,0,-1.59731425424066,-1.84846653821396
4722,"CZ",2007,0,0,-1.77788707820503,-2.0581277008738
4822,"CZ",2007,0,0,-1.96094780257261,-2.29181460814263
4922,"CZ",2007,0,0,-2.10692097325679,-2.49797695773821
5022,"CZ",2007,0,0,-2.18777251405228,-2.59536369340838
5122,"CZ",2007,0,0,-2.38393911508886,-2.64469893532103
5222,"CZ",2007,0,0,-2.58068079847636,-2.86406250234397
5322,"CZ",2007,0,0,-2.77152991627403,-2.90573146691497
5422,"CZ",2007,0,0,-2.80765904746024,-2.98628384344707
5522,"CZ",2007,0,0,-2.86759698939891,-3.30415112827001
5622,"CZ",2007,0,0,-2.66584367441548,-3.36340715395232
5722,"CZ",2007,0,0,-2.78986445497174,-3.19676989200472
5822,"CZ",2007,0,0,-2.75916334130575,-3.34774144350232
5922,"CZ",2007,0,0,-2.87512558930395,-3.16845748527097
6022,"CZ",2007,0,0,-2.86020677019812,-3.28122033098265
6122,"CZ",2007,0,0,-2.94151051855775,-3.233168328977
6222,"CZ",2007,0,0,-2.9899527266995,-3.43707201911733
6322,"CZ",2007,0,0,-3.399251092322,-3.3468635651105
6422,"CZ",2007,0,0,-3.3987668885209,-3.457545754834
6522,"CZ",2007,0,0,-3.554671365064,-3.4766583440866
6622,"CZ",2007,0,0,-3.541908343844,-3.5832049998728
6722,"CZ",2007,0,0,-3.3945922535626,-3.7455862670883
6822,"CZ",2007,0,0,-3.4921893332804,-3.5826836688923
6922,"CZ",2007,0,0,-3.4300722114832,-3.573312499403
7022,"CZ",2007,0,0,-3.1331862274523,-3.5885220029772
7122,"CZ",2007,0,0,-3.2430722898288,-3.5623683126191
7222,"CZ",2007,0,0,-2.9395116005253,-3.3021677982774
7322,"CZ",2007,0,0,-3.0018512822402,-3.2461632700077
7422,"CZ",2007,0,0,-3.3017020897017,-3.0839634874912
7522,"CZ",2007,0,0,-3.3356198329399,-3.0918677788574
7622,"CZ",2007,0,0,-3.2355329807054,-2.917257230719
7722,"CZ",2007,0,0,-2.8121502964079,-2.7483617574358
7822,"CZ",2007,0,0,-2.4924230920526,-2.9547269075495
7922,"CZ",2007,0,0,-2.2149997741279,-2.8060733108593
8022,"CZ",2007,0,0,-1.930655099083,-2.5642924725031
3023,"CZ",2008,0,0,-0.268893325437506,-0.472977949688983
3123,"CZ",2008,0,0,-0.2976201394314,-0.38180121410885
3223,"CZ",2008,0,0,-0.27293045922321,-0.53868213806511
3323,"CZ",2008,0,0,-0.33265067552756,-0.6498725927711
3423,"CZ",2008,0,0,-0.42990504566526,-0.67993363369097
3523,"CZ",2008,0,0,-0.52495054219666,-0.68754931733785
3623,"CZ",2008,0,0,-0.41367196446447,-0.73850582917385
3723,"CZ",2008,0,0,-0.42494412864053,-0.87156233883157
3823,"CZ",2008,0,0,-0.46110645670985,-0.79425688645367
3923,"CZ",2008,0,0,-0.58631872645316,-0.85497744490151
4023,"CZ",2008,0,0,-0.64952436305328,-0.88921422142597
4123,"CZ",2008,0,0,-0.59729891293582,-1.05123713158775
4223,"CZ",2008,0,0,-0.71522791173664,-1.17378322249775
4323,"CZ",2008,0,0,-0.84511797633188,-1.17151910916781
4423,"CZ",2008,0,0,-0.92236180944445,-1.37833749976978
4523,"CZ",2008,0,0,-0.9244976072676,-1.38075412772677
4623,"CZ",2008,0,0,-1.08795010673405,-1.53542091276107
4723,"CZ",2008,0,0,-1.27404963278504,-1.73956727458254
4823,"CZ",2008,0,0,-1.28446688813313,-1.84842283114232
4923,"CZ",2008,0,0,-1.51314761136904,-1.92454667148465
5023,"CZ",2008,0,0,-1.65899097811982,-2.07761392534677
5123,"CZ",2008,0,0,-1.83452197699901,-2.05931306021362
5223,"CZ",2008,0,0,-1.83223558553727,-2.14595686071106
5323,"CZ",2008,0,0,-2.02299468009705,-2.28066685615355
5423,"CZ",2008,0,0,-2.27583749803517,-2.48450681818963
5523,"CZ",2008,0,0,-2.2331554158901,-2.71687659390163
5623,"CZ",2008,0,0,-2.4837293808164,-2.94628815967234
5723,"CZ",2008,0,0,-2.39924095680766,-2.99312376135053
5823,"CZ",2008,0,0,-2.43843295089443,-3.17280585700502
5923,"CZ",2008,0,0,-2.61747220145402,-3.35583280212317
6023,"CZ",2008,0,0,-2.88010132640547,-3.33732488031983
6123,"CZ",2008,0,0,-2.79901321766554,-3.5341042546699
6223,"CZ",2008,0,0,-2.9221225302623,-3.60543843760102
6323,"CZ",2008,0,0,-3.1087736063588,-3.5998658297594
6423,"CZ",2008,0,0,-3.2099859086243,-3.5606459363376
6523,"CZ",2008,0,0,-3.4704064874151,-3.3936163134956
6623,"CZ",2008,0,0,-3.2225342249555,-3.5673126162643
6723,"CZ",2008,0,0,-3.1174488181663,-3.5464206446462
6823,"CZ",2008,0,0,-3.1736546593852,-3.1872082219316
6923,"CZ",2008,0,0,-3.250474261801,-3.0129308239951
7023,"CZ",2008,0,0,-3.1223060982361,-2.8555431407582
7123,"CZ",2008,0,0,-3.2892748530532,-2.9215167944095
7223,"CZ",2008,0,0,-3.0355361928502,-2.7654744026521
7323,"CZ",2008,0,0,-3.0037845726139,-3.1039611291639
7423,"CZ",2008,0,0,-2.4922570923651,-2.7808034252256
7523,"CZ",2008,0,0,-2.3509811139205,-2.36790546868
7623,"CZ",2008,0,0,-2.0260854889263,-2.2355803072581
7723,"CZ",2008,0,0,-2.0074184604923,-2.1180499230928
7823,"CZ",2008,0,0,-1.6557457772054,-1.725777971857
7923,"CZ",2008,0,0,-1.7703269739064,-1.3964420863193
8023,"CZ",2008,0,0,-1.6503651724636,-1.2022137437281
3024,"CZ",2009,0,0,0.280493207445281,0.106893630115386
3124,"CZ",2009,0,0,0.289914559188602,0.178176918110345
3224,"CZ",2009,0,0,0.231811730096379,0.16065933051411
3324,"CZ",2009,0,0,0.23188356693181,0.0731498448418599
3424,"CZ",2009,0,0,0.30733456175248,0.10004144261246
3524,"CZ",2009,0,0,0.12054966385603,0.0298543641892199
3624,"CZ",2009,0,0,0.09744861536012,-0.0349094813941302
3724,"CZ",2009,0,0,0.00794492777355993,-0.09266112787758
3824,"CZ",2009,0,0,-0.00659236829199017,-0.13232811455047
3924,"CZ",2009,0,0,-0.08770339928065,-0.15729135720342
4024,"CZ",2009,0,0,-0.0492364951341,-0.24818797711103
4124,"CZ",2009,0,0,-0.0881215499344199,-0.38860368543778
4224,"CZ",2009,0,0,-0.25463792525382,-0.50700888359522
4324,"CZ",2009,0,0,-0.36611370911652,-0.59511622952003
4424,"CZ",2009,0,0,-0.2843132984884,-0.59805326160227
4524,"CZ",2009,0,0,-0.4928236303658,-0.77737291672025
4624,"CZ",2009,0,0,-0.67818818388451,-1.03974793897727
4724,"CZ",2009,0,0,-0.79070236768324,-1.04193478117807
4824,"CZ",2009,0,0,-0.9880556238489,-1.1463212607772
4924,"CZ",2009,0,0,-1.25278539443389,-1.34451241310807
5024,"CZ",2009,0,0,-1.68408085733418,-1.47173025924051
5124,"CZ",2009,0,0,-1.94998521572237,-1.82188879601475
5224,"CZ",2009,0,0,-2.12699524258143,-2.12488227889402
5324,"CZ",2009,0,0,-2.266795046541,-2.36248041608232
5424,"CZ",2009,0,0,-2.48233600434964,-2.45171266762245
5524,"CZ",2009,0,0,-2.75253809362609,-2.61827419871692
5624,"CZ",2009,0,0,-2.99568177456044,-2.76558975948094
5724,"CZ",2009,0,0,-3.18264706048889,-2.85849605746154
5824,"CZ",2009,0,0,-3.10433521012053,-3.07358699685639
5924,"CZ",2009,0,0,-3.23303716725964,-2.94098936849774
6024,"CZ",2009,0,0,-3.24806677802789,-2.98646448063397
6124,"CZ",2009,0,0,-3.21108042169649,-3.08314705888038
6224,"CZ",2009,0,0,-3.2196530311777,-3.13679759274566
6324,"CZ",2009,0,0,-3.1947904395341,-3.23673322092211
6424,"CZ",2009,0,0,-2.8283922728171,-2.8436738115714
6524,"CZ",2009,0,0,-2.9771507819639,-2.7223047257572
6624,"CZ",2009,0,0,-2.6516634270165,-2.7656728174732
6724,"CZ",2009,0,0,-2.6267186804303,-2.9610916147763
6824,"CZ",2009,0,0,-2.6158515697155,-2.5615275661698
6924,"CZ",2009,0,0,-2.5554234453136,-2.5478489524246
7024,"CZ",2009,0,0,-2.5834386275826,-2.2461688482477
7124,"CZ",2009,0,0,-2.5879036641711,-2.2410948313344
7224,"CZ",2009,0,0,-2.3958553904064,-2.1128222398368
7324,"CZ",2009,0,0,-2.4683576776159,-2.0524349447448
7424,"CZ",2009,0,0,-2.5207568161005,-2.1911551398771
7524,"CZ",2009,0,0,-2.729307749438,-2.1999902860193
7624,"CZ",2009,0,0,-2.5632781649979,-2.0252720188127
7724,"CZ",2009,0,0,-2.6275081070229,-1.8447365370767
7824,"CZ",2009,0,0,-2.274353261829,-1.8149639173899
7924,"CZ",2009,0,0,-1.9509896462941,-1.9556493213648
8024,"CZ",2009,0,0,-1.684466843197,-1.9239815238373
3025,"CZ",2010,0,0,0.315830713006625,0.097836011426416
3125,"CZ",2010,0,0,0.316330074970266,0.296647033112241
3225,"CZ",2010,0,0,0.31707007015501,0.385920359483719
3325,"CZ",2010,0,0,0.350175089587693,0.30135186411209
3425,"CZ",2010,0,0,0.42802465910385,0.27617462998153
3525,"CZ",2010,0,0,0.34114793397197,0.30498549908414
3625,"CZ",2010,0,0,0.45155182677684,0.26535356500805
3725,"CZ",2010,0,0,0.39598759162513,0.28356257519872
3825,"CZ",2010,0,0,0.33161692713851,0.2668944001455
3925,"CZ",2010,0,0,0.45652857311748,0.17702848361391
4025,"CZ",2010,0,0,0.44766277091606,0.16065990999621
4125,"CZ",2010,0,0,0.40695801652499,0.24264468717762
4225,"CZ",2010,0,0,0.06046173933384,0.0790641319350103
4325,"CZ",2010,0,0,-0.0760985181054301,-0.24596280056996
4425,"CZ",2010,0,0,-0.31085383287816,-0.32015854787577
4525,"CZ",2010,0,0,-0.33972241982185,-0.5496869084785
4625,"CZ",2010,0,0,-0.45271590317806,-0.73102209778094
4725,"CZ",2010,0,0,-0.63458749159093,-0.81216209510227
4825,"CZ",2010,0,0,-0.79982491027851,-1.07471725085908
4925,"CZ",2010,0,0,-1.05893117228602,-1.15944069235366
5025,"CZ",2010,0,0,-1.35045841262753,-1.303353810858
5125,"CZ",2010,0,0,-1.65732565619983,-1.47612061303753
5225,"CZ",2010,0,0,-1.98910393108143,-1.65311341442328
5325,"CZ",2010,0,0,-2.14872327744926,-1.87509666012176
5425,"CZ",2010,0,0,-2.3465808336385,-2.02957351140764
5525,"CZ",2010,0,0,-2.46721113768114,-2.24254154520924
5625,"CZ",2010,0,0,-2.70043623081029,-2.38496549240378
5725,"CZ",2010,0,0,-2.84436624945554,-2.48773898446772
5825,"CZ",2010,0,0,-3.07143438419766,-2.4335038749593
5925,"CZ",2010,0,0,-3.03247211974636,-2.95832595572003
6025,"CZ",2010,0,0,-3.37400339641447,-2.9161751127625
6125,"CZ",2010,0,0,-3.31980497541007,-3.09625867650066
6225,"CZ",2010,0,0,-3.35525543018596,-2.8373819700084
6325,"CZ",2010,0,0,-3.4348135128468,-2.7411993458446
6425,"CZ",2010,0,0,-3.3439743157431,-2.7262828980942
6525,"CZ",2010,0,0,-3.3116799722776,-2.8425923765162
6625,"CZ",2010,0,0,-3.4484405054297,-2.9440856391237
6725,"CZ",2010,0,0,-3.6437230902545,-2.6073947030844
6825,"CZ",2010,0,0,-3.4678965204728,-2.5211506523093
6925,"CZ",2010,0,0,-3.5720152496311,-2.5435003291425
7025,"CZ",2010,0,0,-3.7226897680633,-2.7632031201469
7125,"CZ",2010,0,0,-3.6326942480112,-2.9063694693081
7225,"CZ",2010,0,0,-3.6514611917694,-2.9839940038151
7325,"CZ",2010,0,0,-3.6038062679658,-3.3025967339635
7425,"CZ",2010,0,0,-3.6797507980676,-2.5787531413758
7525,"CZ",2010,0,0,-3.2899268408622,-2.431634086066
7625,"CZ",2010,0,0,-3.3401007089596,-2.2657607147693
7725,"CZ",2010,0,0,-3.1958728858137,-2.2860063721446
7825,"CZ",2010,0,0,-3.2704039203216,-2.1292126328078
7925,"CZ",2010,0,0,-3.0382135584346,-2.2886211592675
8025,"CZ",2010,0,0,-2.7245279144018,-2.3522219074275
3026,"CZ",2011,0,0,0.343097123386802,0.12620699474581
3126,"CZ",2011,0,0,0.34512641350125,0.06082224107123
3226,"CZ",2011,0,0,0.24480220289937,0.06739651827983
3326,"CZ",2011,0,0,0.20556883511084,0.04457433470503
3426,"CZ",2011,0,0,0.208782899583,-0.02614731927603
3526,"CZ",2011,0,0,0.15723530599001,-0.0388203000663401
3626,"CZ",2011,0,0,0.13277007364783,-0.0699125006192201
3726,"CZ",2011,0,0,0.15164916328272,-0.0241270697871199
3826,"CZ",2011,0,0,-0.0372772827820502,-0.0308686396954401
3926,"CZ",2011,0,0,-0.0444609674024297,-0.25556512461803
4026,"CZ",2011,0,0,-0.10042901208961,-0.36868886994923
4126,"CZ",2011,0,0,-0.28103469773378,-0.26304221393066
4226,"CZ",2011,0,0,-0.64314313655271,-0.41725344511714
4326,"CZ",2011,0,0,-0.76390738231451,-0.7801679676683
4426,"CZ",2011,0,0,-1.05084786396105,-0.95298289246808
4526,"CZ",2011,0,0,-1.19895716081421,-1.09071804855605
4626,"CZ",2011,0,0,-1.46985352203698,-1.25285975731717
4726,"CZ",2011,0,0,-1.62332843506094,-1.52541224688522
4826,"CZ",2011,0,0,-1.77736797111094,-1.73471357360455
4926,"CZ",2011,0,0,-1.97679707111308,-1.87331937128213
5026,"CZ",2011,0,0,-2.01612657999994,-2.0446043827638
5126,"CZ",2011,0,0,-2.35833785311628,-2.21474108947193
5226,"CZ",2011,0,0,-2.85389334195838,-2.28209829014524
5326,"CZ",2011,0,0,-2.94857082414631,-2.63272175794486
5426,"CZ",2011,0,0,-3.06800422531131,-2.95796236223992
5526,"CZ",2011,0,0,-3.23066692267653,-3.06500742898513
5626,"CZ",2011,0,0,-3.30894429347652,-3.21162371728902
5726,"CZ",2011,0,0,-3.41258497388398,-3.17925717329252
5826,"CZ",2011,0,0,-3.46880872103553,-3.1491953042656
5926,"CZ",2011,0,0,-3.59631698390522,-3.33308410079618
6026,"CZ",2011,0,0,-3.59191156166904,-3.46738922525204
6126,"CZ",2011,0,0,-3.76997360765992,-3.23996819375501
6226,"CZ",2011,0,0,-3.9723922213465,-3.2480382473101
6326,"CZ",2011,0,0,-3.8980051021955,-3.4741690879342
6426,"CZ",2011,0,0,-4.2053337097389,-3.6117120272856
6526,"CZ",2011,0,0,-4.3274471830663,-3.9412203483725
6626,"CZ",2011,0,0,-4.4066352684462,-3.7748148115222
6726,"CZ",2011,0,0,-4.4468842510628,-3.8748606458172
6826,"CZ",2011,0,0,-4.5441438004967,-3.9170806387469
6926,"CZ",2011,0,0,-4.825361695005,-3.9411260694728
7026,"CZ",2011,0,0,-4.5807676849788,-4.1386001285496
7126,"CZ",2011,0,0,-4.781377412927,-4.4308867065382
7226,"CZ",2011,0,0,-4.592977084026,-4.3941374857794
7326,"CZ",2011,0,0,-4.611453561094,-3.4672210059394
7426,"CZ",2011,0,0,-4.5097038629294,-3.5305788958865
7526,"CZ",2011,0,0,-4.5507874537732,-3.2642967606396
7626,"CZ",2011,0,0,-4.1287858064527,-3.3088799630421
7726,"CZ",2011,0,0,-4.0650836768631,-3.6315861392356
7826,"CZ",2011,0,0,-3.8810465150202,-3.345725154279
7926,"CZ",2011,0,0,-3.3999095749868,-3.0365399420947
8026,"CZ",2011,0,0,-3.1549709248537,-3.2153356763873
3027,"CZ",2012,0,0,-0.08169784833495,-0.21240951139631
3127,"CZ",2012,0,0,-0.23980203661166,-0.27801333069853
3227,"CZ",2012,0,0,-0.21465179895797,-0.37197302718994
3327,"CZ",2012,0,0,-0.28156455243988,-0.47076035534309
3427,"CZ",2012,0,0,-0.4586421271879,-0.54720572688896
3527,"CZ",2012,0,0,-0.46912691696216,-0.64625729092166
3627,"CZ",2012,0,0,-0.55251294906853,-0.69255537262628
3727,"CZ",2012,0,0,-0.44129704109397,-0.73389158973349
3827,"CZ",2012,0,0,-0.60482692573019,-0.75189440249843
3927,"CZ",2012,0,0,-0.83669567201695,-0.71515347722328
4027,"CZ",2012,0,0,-1.0083895072106,-0.87552917589761
4127,"CZ",2012,0,0,-1.1705611656182,-1.04681105467216
4227,"CZ",2012,0,0,-1.19429565915386,-1.27452458139341
4327,"CZ",2012,0,0,-1.33814615214775,-1.22615759139846
4427,"CZ",2012,0,0,-1.48378934138488,-1.36630687158433
4527,"CZ",2012,0,0,-1.47700212430657,-1.54314488810368
4627,"CZ",2012,0,0,-1.91695884473463,-1.56684885528709
4727,"CZ",2012,0,0,-2.17589933747265,-1.75009710675876
4827,"CZ",2012,0,0,-2.4096433218095,-2.01994870929235
4927,"CZ",2012,0,0,-2.50516978541328,-2.24535251456973
5027,"CZ",2012,0,0,-2.60103835455721,-2.45000368691523
5127,"CZ",2012,0,0,-2.87876969108179,-2.54997512538079
5227,"CZ",2012,0,0,-3.19107030309805,-2.74705006057639
5327,"CZ",2012,0,0,-3.16006182529629,-2.95345221563053
5427,"CZ",2012,0,0,-3.2540354568978,-3.0785716197271
5527,"CZ",2012,0,0,-3.3151555344078,-3.19737377164025
5627,"CZ",2012,0,0,-3.42920890829834,-3.38914814685546
5727,"CZ",2012,0,0,-3.63869342115169,-3.60373177432925
5827,"CZ",2012,0,0,-3.66459281262326,-3.65982141534407
5927,"CZ",2012,0,0,-3.67989042075527,-3.71480535039042
6027,"CZ",2012,0,0,-3.77343438525453,-3.72990145574113
6127,"CZ",2012,0,0,-3.84168033764302,-3.79802069802377
6227,"CZ",2012,0,0,-4.0701411920837,-3.83108574772166
6327,"CZ",2012,0,0,-3.7805628921806,-3.8447872186733
6427,"CZ",2012,0,0,-3.8905456431129,-3.7614640523823
6527,"CZ",2012,0,0,-3.9760945086876,-3.6902194168097
6627,"CZ",2012,0,0,-3.8130683406614,-3.3914848604056
6727,"CZ",2012,0,0,-3.9347240971698,-3.5413377417427
6827,"CZ",2012,0,0,-3.9963461058943,-3.5414192894749
6927,"CZ",2012,0,0,-4.2458976261096,-3.4874369443323
7027,"CZ",2012,0,0,-4.3701210573257,-3.5816440802159
7127,"CZ",2012,0,0,-4.6326605800782,-3.4523902762478
7227,"CZ",2012,0,0,-4.5581650339054,-3.297935064778
7327,"CZ",2012,0,0,-4.3059878544322,-3.5923981697358
7427,"CZ",2012,0,0,-4.2138933380835,-3.6319930928773
7527,"CZ",2012,0,0,-4.0383240765468,-3.1664625919805
7627,"CZ",2012,0,0,-4.1615038296198,-3.0985790971903
7727,"CZ",2012,0,0,-4.2658289248672,-3.2647843553535
7827,"CZ",2012,0,0,-4.0604393599479,-2.9804612004752
7927,"CZ",2012,0,0,-3.667948803724,-2.9766537707887
8027,"CZ",2012,0,0,-3.7640740066137,-2.7328442494384
3028,"CZ",2013,0,0,-0.826409436457721,-0.84561402389324
3128,"CZ",2013,0,0,-0.7890055778439,-0.90315055336847
3228,"CZ",2013,0,0,-0.96077710422226,-0.9740157656245
3328,"CZ",2013,0,0,-1.03907715054608,-1.06714347856048
3428,"CZ",2013,0,0,-1.1258004849849,-1.15239650143965
3528,"CZ",2013,0,0,-1.29992259585972,-1.32264560877744
3628,"CZ",2013,0,0,-1.24908901817437,-1.41728187732967
3728,"CZ",2013,0,0,-1.35189589570282,-1.51920702232852
3828,"CZ",2013,0,0,-1.50118213239414,-1.55053891197318
3928,"CZ",2013,0,0,-1.66056432237378,-1.63277520597944
4028,"CZ",2013,0,0,-1.91576542386714,-1.77590921093863
4128,"CZ",2013,0,0,-2.09914558488604,-1.99771869914714
4228,"CZ",2013,0,0,-2.4081398700744,-2.26089274302525
4328,"CZ",2013,0,0,-2.59899080770115,-2.46093595238111
4428,"CZ",2013,0,0,-2.77077999395693,-2.74911645249822
4528,"CZ",2013,0,0,-2.93947072952817,-2.8229111329488
4628,"CZ",2013,0,0,-3.16146776055763,-2.96301497369589
4728,"CZ",2013,0,0,-3.54289306550269,-3.25885622006628
4828,"CZ",2013,0,0,-3.72423289605685,-3.54502671386672
4928,"CZ",2013,0,0,-3.94922187516566,-3.80535350988291
5028,"CZ",2013,0,0,-4.02404545108527,-3.99035817299195
5128,"CZ",2013,0,0,-3.87293103931452,-4.1166129153103
5228,"CZ",2013,0,0,-4.00251049127741,-4.08283995598915
5328,"CZ",2013,0,0,-4.22842807885592,-4.12118158822361
5428,"CZ",2013,0,0,-4.3825612192037,-4.30474442778684
5528,"CZ",2013,0,0,-4.4489474072692,-4.64719463626847
5628,"CZ",2013,0,0,-4.63316359648308,-4.62503091373425
5728,"CZ",2013,0,0,-4.59269095449045,-4.65051163887458
5828,"CZ",2013,0,0,-4.55930510912026,-4.72261954300277
5928,"CZ",2013,0,0,-4.67124108101224,-4.80848284281474
6028,"CZ",2013,0,0,-4.92800826097845,-4.64300840843233
6128,"CZ",2013,0,0,-4.96388393178422,-4.68453368071925
6228,"CZ",2013,0,0,-5.15138272697867,-4.76827462234382
6328,"CZ",2013,0,0,-5.26109777935687,-4.82740444719761
6428,"CZ",2013,0,0,-5.324595040747,-4.9101648761308
6528,"CZ",2013,0,0,-5.3086396475325,-4.9673370569251
6628,"CZ",2013,0,0,-5.385230096458,-4.8949584600354
6728,"CZ",2013,0,0,-5.4219510273901,-4.9457313661254
6828,"CZ",2013,0,0,-4.9362933311241,-4.9371051449844
6928,"CZ",2013,0,0,-4.8838217064667,-4.7635994530011
7028,"CZ",2013,0,0,-4.8637428502555,-4.6959979315693
7128,"CZ",2013,0,0,-4.8422394822014,-4.0687982976954
7228,"CZ",2013,0,0,-4.7412466822656,-3.5411599047171
7328,"CZ",2013,0,0,-4.8081104783168,-3.7749879785503
7428,"CZ",2013,0,0,-4.9010262337237,-3.8850996636501
7528,"CZ",2013,0,0,-5.1372120517214,-3.8545023183946
7628,"CZ",2013,0,0,-5.2242216837357,-3.7783182836297
7728,"CZ",2013,0,0,-4.8567472582506,-3.7725345404741
7828,"CZ",2013,0,0,-4.620357173804,-3.7904319109065
7928,"CZ",2013,0,0,-4.5334402792895,-3.7341266281321
8028,"CZ",2013,0,0,-4.3324234639643,-3.6382831915693
3029,"CZ",2014,0,0,-1.11376087694972,-1.09067645165041
3129,"CZ",2014,0,0,-1.08890558855299,-1.1692051865464
3229,"CZ",2014,0,0,-1.18182456082189,-1.19874517232257
3329,"CZ",2014,0,0,-1.45231151462767,-1.32462046645944
3429,"CZ",2014,0,0,-1.60613632310609,-1.43440657341023
3529,"CZ",2014,0,0,-1.74486286210087,-1.68783722814434
3629,"CZ",2014,0,0,-1.7548473660992,-1.96151935110871
3729,"CZ",2014,0,0,-1.86880485419585,-2.02404906887689
3829,"CZ",2014,0,0,-1.86445426443703,-2.07504074911082
3929,"CZ",2014,0,0,-1.97064061211047,-2.11580568723828
4029,"CZ",2014,0,0,-2.22151452051702,-2.16172161805211
4129,"CZ",2014,0,0,-2.37229226323153,-2.28964194281832
4229,"CZ",2014,0,0,-2.63333177538202,-2.52413043788037
4329,"CZ",2014,0,0,-2.74523649981405,-2.73846033759312
4429,"CZ",2014,0,0,-3.00149009918427,-2.85901912191751
4529,"CZ",2014,0,0,-3.03368241529592,-2.91633095865327
4629,"CZ",2014,0,0,-3.20731298737865,-3.0928445449427
4729,"CZ",2014,0,0,-3.50930592901337,-3.18700353572507
4829,"CZ",2014,0,0,-3.45878862846904,-3.35645649642093
4929,"CZ",2014,0,0,-3.5761895302433,-3.43937749970838
5029,"CZ",2014,0,0,-3.9393221282504,-3.55611311257878
5129,"CZ",2014,0,0,-4.09239412495781,-3.68016602634302
5229,"CZ",2014,0,0,-4.15952382813179,-3.68920260122166
5329,"CZ",2014,0,0,-4.17589972865,-3.9381710801745
5429,"CZ",2014,0,0,-4.4464017323725,-4.1099644661644
5529,"CZ",2014,0,0,-4.58766570926047,-4.03226282849749
5629,"CZ",2014,0,0,-4.89742965457289,-4.17010693905351
5729,"CZ",2014,0,0,-4.872155641761,-4.43775321454097
5829,"CZ",2014,0,0,-4.86697821441979,-4.5077479368495
5929,"CZ",2014,0,0,-5.05415564582263,-4.46526425333635
6029,"CZ",2014,0,0,-4.96326517454963,-4.58690501709847
6129,"CZ",2014,0,0,-5.05242610846811,-4.23856228022308
6229,"CZ",2014,0,0,-5.4056983306146,-4.3915540591357
6329,"CZ",2014,0,0,-5.6922597299373,-4.5681430948525
6429,"CZ",2014,0,0,-5.785926140171,-4.4188250489271
6529,"CZ",2014,0,0,-5.846307757545,-4.8454279995543
6629,"CZ",2014,0,0,-5.7238532202149,-5.1070228877629
6729,"CZ",2014,0,0,-5.6886032806456,-4.9335931429613
6829,"CZ",2014,0,0,-5.5561074196559,-5.040785395199
6929,"CZ",2014,0,0,-5.3099621868942,-4.9433591859354
7029,"CZ",2014,0,0,-5.4767517972176,-4.2852549512048
7129,"CZ",2014,0,0,-5.841376463876,-3.9789268514825
7229,"CZ",2014,0,0,-5.7209392666439,-4.1075853433786
7329,"CZ",2014,0,0,-5.8761278362095,-3.924273032199
7429,"CZ",2014,0,0,-5.7723170230127,-4.2386231393434
7529,"CZ",2014,0,0,-5.9080368511591,-3.8793262039439
7629,"CZ",2014,0,0,-5.5974818878678,-3.9230412866499
7729,"CZ",2014,0,0,-5.8379805114844,-3.7645202402483
7829,"CZ",2014,0,0,-6.0537564963361,-3.9788328916068
7929,"CZ",2014,0,0,-5.6878062017109,-3.7616123600041
8029,"CZ",2014,0,0,-5.4689026303887,-3.7948310435174
3030,"SK",2005,0,0,0.52507252386484,0.7956952054851
3130,"SK",2005,0,0,0.56041014069778,0.86580743610949
3230,"SK",2005,0,0,0.74919461572805,0.76562033191591
3330,"SK",2005,0,0,0.98751517293281,0.82335865955855
3430,"SK",2005,0,0,0.88769368506384,0.77853363226765
3530,"SK",2005,0,0,0.89873069175392,0.76637120885458
3630,"SK",2005,0,0,1.12954953377342,0.82799973398802
3730,"SK",2005,0,0,1.15966188924743,0.90543910061092
3830,"SK",2005,0,0,1.25083197662993,0.96284283532356
3930,"SK",2005,0,0,1.26992025219698,0.99903015641339
4030,"SK",2005,0,0,1.31508207047375,0.95415219796005
4130,"SK",2005,0,0,1.29530151625367,0.83934080501711
4230,"SK",2005,0,0,1.22454458805746,0.748865553725
4330,"SK",2005,0,0,1.19266522063236,0.8052128219398
4430,"SK",2005,0,0,1.20155861846165,0.58441589497597
4530,"SK",2005,0,0,1.16607313923466,0.322756902604399
4630,"SK",2005,0,0,1.14058786330868,0.21323847496241
4730,"SK",2005,0,0,1.00927745968276,0.0912416425408997
4830,"SK",2005,0,0,0.97237914657205,-0.0499827898057399
4930,"SK",2005,0,0,0.85743829653039,-0.0423103619021301
5030,"SK",2005,0,0,0.69022244991216,-0.35493424992654
5130,"SK",2005,0,0,0.72606281279152,-0.618890054346259
5230,"SK",2005,0,0,0.719609364719621,-0.7181853047676
5330,"SK",2005,0,0,0.617457127468271,-0.705447239668059
5430,"SK",2005,0,0,0.392333919553289,-0.62082696801078
5530,"SK",2005,0,0,0.39738591933772,-1.02923422040227
5630,"SK",2005,0,0,0.1231408906713,-1.3602980218861
5730,"SK",2005,0,0,0.0865694774717998,-1.71489755692113
5830,"SK",2005,0,0,0.0283144289701003,-1.6022770604773
5930,"SK",2005,0,0,0.0525958069510999,-1.7354539879296
6030,"SK",2005,0,0,-0.104278234583401,-1.9162218026899
6130,"SK",2005,0,0,-0.394470626505399,-2.0683395192327
6230,"SK",2005,0,0,-0.169088751987299,-2.121874981791
6330,"SK",2005,0,0,-0.345062203978101,-2.2376591954846
6430,"SK",2005,0,0,-0.406013445847799,-2.3573584746001
6530,"SK",2005,0,0,-0.521122123614502,-2.1042892549943
6630,"SK",2005,0,0,-0.427856199180301,-2.1403853992957
6730,"SK",2005,0,0,-0.3741050940144,-2.1099387662829
6830,"SK",2005,0,0,-0.573184037893203,-1.8612586269933
6930,"SK",2005,0,0,-0.581462872145803,-2.0831698599845
7030,"SK",2005,0,0,-0.345590373637201,-2.2245956691673
7130,"SK",2005,0,0,-0.410779766717098,-2.3299130169121
7230,"SK",2005,0,0,-0.174455458383598,-1.8801318877247
7330,"SK",2005,0,0,-0.314677242481,-1.9451110316569
7430,"SK",2005,0,0,-0.123671284535899,-1.8173004508715
7530,"SK",2005,0,0,-0.0359740300288998,-1.8745388622642
7630,"SK",2005,0,0,-0.188868560898801,-1.6653195710883
7730,"SK",2005,0,0,0.253015885093998,-1.7523006643128
7830,"SK",2005,0,0,0.1334054650201,-1.3455066164284
7930,"SK",2005,0,0,-0.00344763318310015,-0.6455531350685
8030,"SK",2005,0,0,-0.0886348612638024,-0.771925877470899
3031,"SK",2006,0,0,-1.06930210659492,-1.51861973100803
3131,"SK",2006,0,0,-1.14970065812353,-1.51182252996758
3231,"SK",2006,0,0,-1.14954147621088,-1.48491011522879
3331,"SK",2006,0,0,-1.10091670799131,-1.53716441965066
3431,"SK",2006,0,0,-1.19753797814246,-1.55440537908708
3531,"SK",2006,0,0,-1.41107783195297,-1.5660989173829
3631,"SK",2006,0,0,-1.42835271506234,-1.70995084601183
3731,"SK",2006,0,0,-1.59413750494266,-1.77135008734983
3831,"SK",2006,0,0,-1.67033895376341,-1.97670297925495
3931,"SK",2006,0,0,-1.67001004803046,-2.07796820895521
4031,"SK",2006,0,0,-1.80491348370184,-2.30515847629312
4131,"SK",2006,0,0,-1.82675434058664,-2.24114523604725
4231,"SK",2006,0,0,-1.93689022017455,-2.43059079051173
4331,"SK",2006,0,0,-2.12966217068889,-2.38896422791044
4431,"SK",2006,0,0,-2.26201273147542,-2.46770033141012
4531,"SK",2006,0,0,-2.34603488702027,-2.64981495022423
4631,"SK",2006,0,0,-2.60971368797324,-2.76009746963883
4731,"SK",2006,0,0,-2.68835489640385,-2.85038795488527
4831,"SK",2006,0,0,-2.57999274422109,-3.14713729649384
4931,"SK",2006,0,0,-2.7200062756011,-3.2329815857324
5031,"SK",2006,0,0,-2.77567731020354,-3.34661356055912
5131,"SK",2006,0,0,-2.82072307283543,-3.39738317258006
5231,"SK",2006,0,0,-2.75103959673011,-3.57786653156773
5331,"SK",2006,0,0,-2.44303200439901,-3.54854087016078
5431,"SK",2006,0,0,-2.69655354771734,-3.65336111809664
5531,"SK",2006,0,0,-2.89243707839256,-3.50935463122599
5631,"SK",2006,0,0,-2.98951573916701,-3.5681608103558
5731,"SK",2006,0,0,-3.40646371442144,-3.68659273899801
5831,"SK",2006,0,0,-3.530647080236,-3.97813636091523
5931,"SK",2006,0,0,-3.6343397364012,-4.29428198605818
6031,"SK",2006,0,0,-3.8109256892985,-4.4164249628621
6131,"SK",2006,0,0,-4.0274343627806,-4.4124580660109
6231,"SK",2006,0,0,-3.9586874863381,-4.6909358108029
6331,"SK",2006,0,0,-4.1828104236133,-4.693951373773
6431,"SK",2006,0,0,-4.2818935961641,-5.1575981444011
6531,"SK",2006,0,0,-4.0975989924589,-5.0130175375993
6631,"SK",2006,0,0,-3.9684541923876,-4.6776299487196
6731,"SK",2006,0,0,-4.1979763717745,-5.0070874404621
6831,"SK",2006,0,0,-4.4269016625777,-4.8405782088813
6931,"SK",2006,0,0,-4.5794295683061,-4.7358586174811
7031,"SK",2006,0,0,-4.4973795070648,-4.7911884108109
7131,"SK",2006,0,0,-4.1682064614209,-4.8361552594533
7231,"SK",2006,0,0,-4.2799665984205,-4.9720916259985
7331,"SK",2006,0,0,-4.2196218849322,-4.6379850312303
7431,"SK",2006,0,0,-4.4419267688069,-4.3502135620618
7531,"SK",2006,0,0,-4.4163288214917,-4.2096198699885
7631,"SK",2006,0,0,-4.4442572673021,-4.4099559315823
7731,"SK",2006,0,0,-4.2462675077068,-4.6121856714825
7831,"SK",2006,0,0,-4.4490478826823,-4.4750821755991
7931,"SK",2006,0,0,-4.0606897344661,-4.4585473463872
8031,"SK",2006,0,0,-4.2041377772394,-4.0251697027494
3032,"SK",2007,0,0,0.19362815867018,0.0152104337563499
3132,"SK",2007,0,0,0.0885865533254,-0.00633253862123007
3232,"SK",2007,0,0,-0.00888812832126984,-0.17798881156364
3332,"SK",2007,0,0,-0.0425294363198501,-0.32457227203465
3432,"SK",2007,0,0,-0.08106617481536,-0.382929753484
3532,"SK",2007,0,0,-0.10326229152766,-0.49954460521876
3632,"SK",2007,0,0,-0.09708534816592,-0.64309550719995
3732,"SK",2007,0,0,-0.28528852205685,-0.65294187122788
3832,"SK",2007,0,0,-0.22515986464417,-0.78723371204692
3932,"SK",2007,0,0,-0.31315329271975,-0.81340766113018
4032,"SK",2007,0,0,-0.31686864379946,-0.88468794119611
4132,"SK",2007,0,0,-0.13261713892319,-0.77086549685722
4232,"SK",2007,0,0,-0.37274048498861,-0.92295873991399
4332,"SK",2007,0,0,-0.5004094490048,-1.01067546569802
4432,"SK",2007,0,0,-0.60732216635317,-1.27678922877314
4532,"SK",2007,0,0,-0.84243945615931,-1.35468791576028
4632,"SK",2007,0,0,-0.88096714330169,-1.52319788507383
4732,"SK",2007,0,0,-1.03382177754746,-1.74443122185651
4832,"SK",2007,0,0,-1.20665294615836,-2.08588155922129
4932,"SK",2007,0,0,-1.35327654092983,-2.12388270366819
5032,"SK",2007,0,0,-1.40011180451986,-2.31843433239742
5132,"SK",2007,0,0,-1.55635323611904,-2.49817592994167
5232,"SK",2007,0,0,-1.73260787551949,-2.78651998240721
5332,"SK",2007,0,0,-1.77091525237294,-2.82755250931399
5432,"SK",2007,0,0,-1.9003711403294,-2.9065139919031
5532,"SK",2007,0,0,-1.86497686203641,-3.15178405003604
5632,"SK",2007,0,0,-1.77384132567829,-3.13384314694242
5732,"SK",2007,0,0,-1.79304106301888,-3.07045397689142
5832,"SK",2007,0,0,-1.82256110709068,-3.15282571322526
5932,"SK",2007,0,0,-1.79192013092617,-3.06274814630134
6032,"SK",2007,0,0,-1.75798791578852,-2.99270792496658
6132,"SK",2007,0,0,-1.7201976118367,-3.27134106120442
6232,"SK",2007,0,0,-1.7545262136897,-3.24390718744059
6332,"SK",2007,0,0,-1.8750807162953,-3.1695686566659
6432,"SK",2007,0,0,-1.8292666890466,-2.9180497615984
6532,"SK",2007,0,0,-1.8783860606013,-3.1165887431615
6632,"SK",2007,0,0,-2.0593932570817,-3.1370740572635
6732,"SK",2007,0,0,-1.9841563439692,-2.9992440976216
6832,"SK",2007,0,0,-2.0242536141079,-2.8833214482434
6932,"SK",2007,0,0,-2.0877846764538,-2.7704776539171
7032,"SK",2007,0,0,-1.8860049870762,-2.9850429526237
7132,"SK",2007,0,0,-2.1509964319368,-3.1734937973585
7232,"SK",2007,0,0,-2.2444405917952,-2.9877866045823
7332,"SK",2007,0,0,-2.0440498049332,-2.9946678184802
7432,"SK",2007,0,0,-1.980374114993,-3.0244255168855
7532,"SK",2007,0,0,-2.1403552275629,-2.995453358376
7632,"SK",2007,0,0,-2.1294094642036,-3.2118399370405
7732,"SK",2007,0,0,-2.0162929513625,-2.8210364878297
7832,"SK",2007,0,0,-1.7998604087719,-2.6469964197944
7932,"SK",2007,0,0,-1.7087765288239,-2.2691617108952
8032,"SK",2007,0,0,-1.4637322373393,-2.0580700575187
3033,"SK",2008,0,0,0.34739262302486,0.00446662502888007
3133,"SK",2008,0,0,0.26019185737841,0.0252564584221899
3233,"SK",2008,0,0,0.18349033730256,-0.12157741955975
3333,"SK",2008,0,0,0.13762438790718,-0.23175721685464
3433,"SK",2008,0,0,0.15767375420147,-0.38123097611333
3533,"SK",2008,0,0,0.0563727679105399,-0.44346654051579
3633,"SK",2008,0,0,0.12017593299092,-0.47741006484567
3733,"SK",2008,0,0,0.0971547724512902,-0.47589133197928
3833,"SK",2008,0,0,0.0552893756785902,-0.46213213901723
3933,"SK",2008,0,0,0.0632632984300598,-0.51092608953492
4033,"SK",2008,0,0,-0.0409966238839301,-0.61265330482134
4133,"SK",2008,0,0,0.0323396955052799,-0.66932357263698
4233,"SK",2008,0,0,-0.07453367465419,-0.74322514860666
4333,"SK",2008,0,0,-0.17977722588635,-0.88930683446116
4433,"SK",2008,0,0,-0.17350279433128,-1.0053650238355
4533,"SK",2008,0,0,-0.08515830667594,-1.07490374038402
4633,"SK",2008,0,0,-0.35531243404448,-1.25028429887582
4733,"SK",2008,0,0,-0.61149194345908,-1.44433655675159
4833,"SK",2008,0,0,-0.70756709036256,-1.47716848774634
4933,"SK",2008,0,0,-0.87767698344471,-1.62725975419651
5033,"SK",2008,0,0,-0.96798677010344,-1.83465682128253
5133,"SK",2008,0,0,-1.0491461903644,-2.1651216694221
5233,"SK",2008,0,0,-1.01528096395841,-2.14655278644984
5333,"SK",2008,0,0,-1.01852837800407,-2.14050281265154
5433,"SK",2008,0,0,-1.19251172784284,-2.41870089632941
5533,"SK",2008,0,0,-1.17798062776111,-2.64597841700086
5633,"SK",2008,0,0,-1.24081137242223,-2.72567777829762
5733,"SK",2008,0,0,-1.1385308289672,-2.66343832172586
5833,"SK",2008,0,0,-1.20259462435495,-2.66998878842696
5933,"SK",2008,0,0,-1.42806875117989,-2.87065444400592
6033,"SK",2008,0,0,-1.6792517541619,-3.032157405996
6133,"SK",2008,0,0,-1.4269080971523,-3.19962449103622
6233,"SK",2008,0,0,-1.5451062073955,-3.37449215051377
6333,"SK",2008,0,0,-1.6241319396834,-3.1324270673511
6433,"SK",2008,0,0,-1.9390947313545,-3.111212881955
6533,"SK",2008,0,0,-2.2373963498496,-2.9223622288248
6633,"SK",2008,0,0,-2.0776684882394,-3.11555499108
6733,"SK",2008,0,0,-2.1417057958518,-3.102094836761
6833,"SK",2008,0,0,-2.1217042159157,-2.9196032692548
6933,"SK",2008,0,0,-2.2035169566619,-2.7540296204782
7033,"SK",2008,0,0,-2.1099683931918,-2.6925478111544
7133,"SK",2008,0,0,-2.5277659451831,-2.6483786686723
7233,"SK",2008,0,0,-2.5384280233789,-2.785968311346
7333,"SK",2008,0,0,-2.216790157646,-2.8456383214952
7433,"SK",2008,0,0,-2.0970131035781,-2.7911140394551
7533,"SK",2008,0,0,-1.7698119427752,-2.6453967769448
7633,"SK",2008,0,0,-1.5813437023907,-2.599130848425
7733,"SK",2008,0,0,-1.3503384377982,-2.43337272952
7833,"SK",2008,0,0,-1.3401140702581,-2.2639836187579
7933,"SK",2008,0,0,-1.3916264121462,-1.6464555625944
8033,"SK",2008,0,0,-1.3745407010804,-1.6662261124315
3034,"SK",2009,0,0,1.00900189492233,0.724799536356852
3134,"SK",2009,0,0,1.09036001927729,0.727955566656725
3234,"SK",2009,0,0,0.987203619423959,0.73609281410143
3334,"SK",2009,0,0,0.98803150491988,0.73940113269386
3434,"SK",2009,0,0,1.00852796772422,0.65302945748457
3534,"SK",2009,0,0,0.92186114241941,0.55563531465707
3634,"SK",2009,0,0,0.94155980830198,0.47040020149166
3734,"SK",2009,0,0,1.06323331820453,0.517430928204
3834,"SK",2009,0,0,1.09535104895066,0.58244452134115
3934,"SK",2009,0,0,1.05173851046196,0.71671406483964
4034,"SK",2009,0,0,1.01856906592881,0.69282342979742
4134,"SK",2009,0,0,1.08216665349234,0.51525399812774
4234,"SK",2009,0,0,0.92903520916631,0.32090601671381
4334,"SK",2009,0,0,0.86858374619267,0.34773773567787
4434,"SK",2009,0,0,0.92800860177672,0.32806939524831
4534,"SK",2009,0,0,0.80878447584747,0.18017281409084
4634,"SK",2009,0,0,0.85559673173646,-0.0608515487432202
4734,"SK",2009,0,0,0.76898921647541,0.11074684876282
4834,"SK",2009,0,0,0.7420847376953,0.19685332576506
4934,"SK",2009,0,0,0.543863691443701,0.186374830016629
5034,"SK",2009,0,0,0.30128738631916,0.12890934633687
5134,"SK",2009,0,0,0.0152718823515494,-0.0711960520655701
5234,"SK",2009,0,0,-0.15323572045788,-0.25568512382964
5334,"SK",2009,0,0,-0.35163726507711,-0.34752767003775
5434,"SK",2009,0,0,-0.54196145538848,-0.45007514096353
5534,"SK",2009,0,0,-0.66943965478602,-0.49433780077438
5634,"SK",2009,0,0,-0.68916735650669,-0.74808324388199
5734,"SK",2009,0,0,-0.76986984718611,-1.05295218030556
5834,"SK",2009,0,0,-0.70782800027405,-1.02185511916795
5934,"SK",2009,0,0,-0.98697549994527,-0.78601577738943
6034,"SK",2009,0,0,-1.430648777503,-0.7101977419383
6134,"SK",2009,0,0,-1.9986051882902,-0.8215971800961
6234,"SK",2009,0,0,-2.3950066056878,-0.9912617304697
6334,"SK",2009,0,0,-2.4723128953873,-1.5482591143477
6434,"SK",2009,0,0,-2.6001904319944,-2.1391590090664
6534,"SK",2009,0,0,-3.1718191403374,-2.5162245938727
6634,"SK",2009,0,0,-3.3574427990926,-3.0403246539938
6734,"SK",2009,0,0,-3.4955493507427,-3.5178991051575
6834,"SK",2009,0,0,-3.4596773035911,-3.7480820541721
6934,"SK",2009,0,0,-3.2222082761474,-4.1723432393202
7034,"SK",2009,0,0,-3.1330038576553,-4.3887201081297
7134,"SK",2009,0,0,-2.8075292991155,-4.6981710323755
7234,"SK",2009,0,0,-2.8865948694514,-4.5221033748082
7334,"SK",2009,0,0,-2.7298455423596,-4.1790868200355
7434,"SK",2009,0,0,-2.7284683195469,-3.842320003309
7534,"SK",2009,0,0,-2.6742107697256,-3.6321958661514
7634,"SK",2009,0,0,-2.2924765297985,-3.5033818559588
7734,"SK",2009,0,0,-1.8365079145657,-3.1292946433856
7834,"SK",2009,0,0,-1.4555044694671,-3.0243207191797
7934,"SK",2009,0,0,-1.3201083229932,-2.9283857118793
8034,"SK",2009,0,0,-1.1501285023696,-2.61859910209
3035,"SK",2010,0,0,1.46689252091581,1.22888960851956
3135,"SK",2010,0,0,1.50753275957191,1.26398611450268
3235,"SK",2010,0,0,1.61244551815765,1.31401929900688
3335,"SK",2010,0,0,1.71308787120696,1.30346342888028
3435,"SK",2010,0,0,1.87959245877499,1.35662009304926
3535,"SK",2010,0,0,1.93067194009795,1.47546950858102
3635,"SK",2010,0,0,1.91406117791244,1.48621590591886
3735,"SK",2010,0,0,2.02821560081752,1.62226347692923
3835,"SK",2010,0,0,2.10810831063951,1.79714776148337
3935,"SK",2010,0,0,2.15253514708857,1.75698032817396
4035,"SK",2010,0,0,2.20816978835445,1.75785319737652
4135,"SK",2010,0,0,2.27540582949815,1.88232166551675
4235,"SK",2010,0,0,1.98844990207106,1.72368447278371
4335,"SK",2010,0,0,1.92690985557449,1.57866904456166
4435,"SK",2010,0,0,1.68224022356937,1.48133318007917
4535,"SK",2010,0,0,1.70218988417294,1.33628728218408
4635,"SK",2010,0,0,1.55186081016926,1.23073211178498
4735,"SK",2010,0,0,1.33392815492105,1.23342493750627
4835,"SK",2010,0,0,1.20915022326239,0.848297278651421
4935,"SK",2010,0,0,1.20618668005236,0.85347746964891
5035,"SK",2010,0,0,1.19822234403652,0.57776208421296
5135,"SK",2010,0,0,0.86463825669025,0.5511206915411
5235,"SK",2010,0,0,0.59314077880956,0.48436063498699
5335,"SK",2010,0,0,0.50114272137842,0.27844373056797
5435,"SK",2010,0,0,0.31887133430412,0.0900392194846393
5535,"SK",2010,0,0,0.059690369232241,-0.0107911306832502
5635,"SK",2010,0,0,0.256561700689771,-0.292511221720529
5735,"SK",2010,0,0,0.27178971956163,-0.34812327409384
5835,"SK",2010,0,0,-0.0374200041819996,-0.178193651724461
5935,"SK",2010,0,0,-0.0894060907994998,-0.463042389439901
6035,"SK",2010,0,0,-0.3732679129151,-0.3428570709989
6135,"SK",2010,0,0,-0.468681981804899,-0.6118212416206
6235,"SK",2010,0,0,-0.529801643455999,-0.6736501886041
6335,"SK",2010,0,0,-0.6404537124225,-0.603539625704601
6435,"SK",2010,0,0,-0.7170502936966,-0.705212436738499
6535,"SK",2010,0,0,-0.513065736173399,-0.9751224489391
6635,"SK",2010,0,0,-0.560218009619401,-1.0974275253403
6735,"SK",2010,0,0,-0.660754472663298,-1.1014183481989
6835,"SK",2010,0,0,-0.4222180120065,-0.941980077894801
6935,"SK",2010,0,0,-0.4144756064699,-0.992604183601301
7035,"SK",2010,0,0,-0.6667354104416,-0.999785827167599
7135,"SK",2010,0,0,-0.792889485727901,-0.955111571070198
7235,"SK",2010,0,0,-0.586718315842099,-1.1951377199892
7335,"SK",2010,0,0,-0.553739216147701,-1.3403020514083
7435,"SK",2010,0,0,-0.440441052703502,-1.3916631525808
7535,"SK",2010,0,0,0.0811832390085989,-1.0318907962919
7635,"SK",2010,0,0,-0.0250756291728997,-0.778117420890197
7735,"SK",2010,0,0,0.175086185336198,-0.8754936817983
7835,"SK",2010,0,0,0.0825150563390977,-0.575113933921198
7935,"SK",2010,0,0,0.144763724983299,-0.601043783381002
8035,"SK",2010,0,0,0.00525293869879917,-0.889221341432297
3036,"SK",2011,0,0,1.29163632510458,1.15697378816264
3136,"SK",2011,0,0,1.4691278926622,1.19747146438364
3236,"SK",2011,0,0,1.46777188863369,1.36696744623809
3336,"SK",2011,0,0,1.37212643964358,1.26046693233102
3436,"SK",2011,0,0,1.44997724209058,1.28326316400138
3536,"SK",2011,0,0,1.54608363803804,1.32957561867881
3636,"SK",2011,0,0,1.5726122237081,1.5000948574753
3736,"SK",2011,0,0,1.57488187358355,1.59215766909403
3836,"SK",2011,0,0,1.63355372679887,1.60809064019693
3936,"SK",2011,0,0,1.56611572187591,1.4998073733672
4036,"SK",2011,0,0,1.4250144077591,1.55295107404468
4136,"SK",2011,0,0,1.28420306397961,1.43946339540297
4236,"SK",2011,0,0,1.05879216446945,1.2462730424186
4336,"SK",2011,0,0,0.80072713058011,0.89371473776548
4436,"SK",2011,0,0,0.71819506986096,0.70351960265484
4536,"SK",2011,0,0,0.83408526166543,0.552994194252221
4636,"SK",2011,0,0,0.667782484601609,0.48399417016128
4736,"SK",2011,0,0,0.59230968939541,0.36037509481121
4836,"SK",2011,0,0,0.44517686008402,0.22525172452699
4936,"SK",2011,0,0,0.40905599531168,0.18743143565978
5036,"SK",2011,0,0,0.20494297569122,-0.0233818228839695
5136,"SK",2011,0,0,-0.04458397781816,-0.0341264571835902
5236,"SK",2011,0,0,-0.486392055126041,-0.33826806741671
5336,"SK",2011,0,0,-0.56261086784937,-0.678434895413801
5436,"SK",2011,0,0,-0.70501977007903,-0.967032997737241
5536,"SK",2011,0,0,-0.677800202595199,-0.834817272129371
5636,"SK",2011,0,0,-0.703694054514511,-1.12570055577592
5736,"SK",2011,0,0,-0.7096504050098,-1.02505268576222
5836,"SK",2011,0,0,-0.608360831233201,-1.0295517261407
5936,"SK",2011,0,0,-0.747352226642999,-1.0993848950248
6036,"SK",2011,0,0,-0.759054857829399,-1.1071773622796
6136,"SK",2011,0,0,-0.849649432276999,-1.1541336101436
6236,"SK",2011,0,0,-0.855939528473,-1.0476695136094
6336,"SK",2011,0,0,-1.2843546060156,-1.3099580908287
6436,"SK",2011,0,0,-1.9732699592935,-1.2850796257061
6536,"SK",2011,0,0,-2.1912428217386,-1.6821000102556
6636,"SK",2011,0,0,-2.2263630978132,-2.290883081199
6736,"SK",2011,0,0,-2.2092811959505,-2.5438131266021
6836,"SK",2011,0,0,-2.4383932533363,-2.5351753300457
6936,"SK",2011,0,0,-2.6558297792803,-2.5786832959689
7036,"SK",2011,0,0,-2.7737784230314,-2.9245441217645
7136,"SK",2011,0,0,-2.8268172080244,-3.2170420645486
7236,"SK",2011,0,0,-2.7703990218736,-3.2876629217767
7336,"SK",2011,0,0,-2.7617305717984,-3.1160520521334
7436,"SK",2011,0,0,-2.3552745284164,-3.138600671091
7536,"SK",2011,0,0,-2.2618280799435,-2.9488723083041
7636,"SK",2011,0,0,-2.2796340379045,-2.9511502578025
7736,"SK",2011,0,0,-2.0620268430956,-2.8106663606866
7836,"SK",2011,0,0,-2.102451513345,-2.5359325063701
7936,"SK",2011,0,0,-1.940255856012,-2.5476045990129
8036,"SK",2011,0,0,-2.0166715574434,-2.1900920425785
3037,"SK",2012,0,0,0.62288845857244,0.54340646912311
3137,"SK",2012,0,0,0.66665761458541,0.41623400153954
3237,"SK",2012,0,0,0.74328945129146,0.44918173807555
3337,"SK",2012,0,0,0.74917541137605,0.47110102074806
3437,"SK",2012,0,0,0.76862440394216,0.523593018627
3537,"SK",2012,0,0,0.8676506277013,0.53124029925863
3637,"SK",2012,0,0,0.68050359789567,0.58180077511642
3737,"SK",2012,0,0,0.67064257713443,0.5874558925135
3837,"SK",2012,0,0,0.62558698123864,0.52067620013991
3937,"SK",2012,0,0,0.43252089530054,0.42632228885653
4037,"SK",2012,0,0,0.22821547950611,0.32050930354835
4137,"SK",2012,0,0,0.0542879030323,0.20831405855582
4237,"SK",2012,0,0,0.201279841739219,-0.05806268345198
4337,"SK",2012,0,0,0.0889125184012505,-0.0100131427078303
4437,"SK",2012,0,0,-0.12217035517383,-0.118557266215951
4537,"SK",2012,0,0,-0.14027683567085,-0.22569778769132
4637,"SK",2012,0,0,-0.37729967794318,-0.37465935144686
4737,"SK",2012,0,0,-0.52944532017427,-0.63352639121535
4837,"SK",2012,0,0,-0.49552811288993,-0.61666293710591
4937,"SK",2012,0,0,-0.2432237233731,-0.67266901946326
5037,"SK",2012,0,0,-0.29904662344059,-0.89539059613871
5137,"SK",2012,0,0,-0.34823407028024,-0.85889329824131
5237,"SK",2012,0,0,-0.665948857851481,-0.78108356693714
5337,"SK",2012,0,0,-0.709621711949669,-0.85290046553563
5437,"SK",2012,0,0,-0.48547471564736,-0.711435039282589
5537,"SK",2012,0,0,-0.370877940853591,-0.928604831761481
5637,"SK",2012,0,0,-0.273832631931,-1.04799388879246
5737,"SK",2012,0,0,-0.517056544562301,-0.95855389912542
5837,"SK",2012,0,0,-0.5481142180054,-0.739212365904201
5937,"SK",2012,0,0,-0.495519507796999,-0.5575887046615
6037,"SK",2012,0,0,-0.327204560678201,-0.570809168314099
6137,"SK",2012,0,0,-0.406845018925301,-0.818361424375301
6237,"SK",2012,0,0,-0.813165171805698,-1.1424788467111
6337,"SK",2012,0,0,-0.686930326029099,-1.1356606882709
6437,"SK",2012,0,0,-0.743043881340501,-0.884224093297101
6537,"SK",2012,0,0,-0.8724761478302,-1.0294694001121
6637,"SK",2012,0,0,-0.58083411202,-0.937428820322202
6737,"SK",2012,0,0,-0.709775470601301,-0.955000554632001
6837,"SK",2012,0,0,-0.5036495584976,-1.1402805545503
6937,"SK",2012,0,0,-0.726322404792,-1.1880121406537
7037,"SK",2012,0,0,-0.7547327387386,-1.2045082855172
7137,"SK",2012,0,0,-0.5692695968091,-1.0072850829057
7237,"SK",2012,0,0,-0.273871546650899,-1.0498617781035
7337,"SK",2012,0,0,-0.0247063446940992,-1.0616822755908
7437,"SK",2012,0,0,0.1483870897499,-1.0069461284214
7537,"SK",2012,0,0,0.493175659435099,-0.441961574120299
7637,"SK",2012,0,0,0.5478012355589,-0.0979829243196022
7737,"SK",2012,0,0,0.643805734056901,0.000330674346400883
7837,"SK",2012,0,0,0.963588129991997,0.0932954493040974
7937,"SK",2012,0,0,0.9077135545961,0.259248665246702
8037,"SK",2012,0,0,0.582565711330499,0.635971842033101
3038,"SK",2013,0,0,0.40351447228912,0.35494688016012
3138,"SK",2013,0,0,0.56787606748916,0.35239852895696
3238,"SK",2013,0,0,0.549311052718,0.32884803631053
3338,"SK",2013,0,0,0.61372139242177,0.2472393293709
3438,"SK",2013,0,0,0.42656369904531,0.47203792699963
3538,"SK",2013,0,0,0.37189107509727,0.22553949703727
3638,"SK",2013,0,0,0.35431514049336,0.17310185257873
3738,"SK",2013,0,0,0.4347348422912,0.0893993447071297
3838,"SK",2013,0,0,0.52029187059816,0.20455935293261
3938,"SK",2013,0,0,0.27867490964109,0.21760631424054
4038,"SK",2013,0,0,0.270123763284801,0.0869592872507901
4138,"SK",2013,0,0,0.25222663401436,0.0394385257213905
4238,"SK",2013,0,0,0.14818424037951,-0.12483725364895
4338,"SK",2013,0,0,0.00506788833066008,-0.27012428256751
4438,"SK",2013,0,0,-0.139033640642261,-0.48429365355066
4538,"SK",2013,0,0,-0.23582855005856,-0.59049959389213
4638,"SK",2013,0,0,-0.22556386702726,-0.56708873592528
4738,"SK",2013,0,0,-0.51304752705637,-0.82941723626259
4838,"SK",2013,0,0,-0.641674420806811,-0.9427196588549
4938,"SK",2013,0,0,-0.85088458410599,-1.06854758793038
5038,"SK",2013,0,0,-0.96073822197301,-1.20426109970566
5138,"SK",2013,0,0,-0.818772443548459,-1.37824672112921
5238,"SK",2013,0,0,-0.93350346223324,-1.28537768459952
5338,"SK",2013,0,0,-1.13163644957841,-1.28261000056517
5438,"SK",2013,0,0,-1.31083364216755,-1.28276741739562
5538,"SK",2013,0,0,-1.23403999682469,-1.58484064889681
5638,"SK",2013,0,0,-1.20895338593809,-1.63151458851808
5738,"SK",2013,0,0,-1.203061762658,-1.6305241873922
5838,"SK",2013,0,0,-1.1936694445145,-1.5305387264509
5938,"SK",2013,0,0,-1.0676014968574,-1.674643353248
6038,"SK",2013,0,0,-1.3832408911361,-1.7674645134608
6138,"SK",2013,0,0,-1.0973839916385,-1.6802920559454
6238,"SK",2013,0,0,-1.110262018976,-1.6925106784746
6338,"SK",2013,0,0,-1.3097765229188,-1.6784973065481
6438,"SK",2013,0,0,-1.5060156022697,-1.6568958552236
6538,"SK",2013,0,0,-1.5134849499114,-1.8902107465391
6638,"SK",2013,0,0,-1.341762386493,-2.0045373594269
6738,"SK",2013,0,0,-1.6066472994356,-2.0878975284672
6838,"SK",2013,0,0,-1.6695432483964,-1.8679807362957
6938,"SK",2013,0,0,-1.7631707182953,-1.8484715050781
7038,"SK",2013,0,0,-2.095267420445,-1.8814415247043
7138,"SK",2013,0,0,-1.8976672268795,-2.0412411286629
7238,"SK",2013,0,0,-1.676299916738,-2.1223128724339
7338,"SK",2013,0,0,-2.2202335762289,-2.1447301006326
7438,"SK",2013,0,0,-2.1339377040222,-1.7571937218758
7538,"SK",2013,0,0,-2.248869504378,-1.7981709096405
7638,"SK",2013,0,0,-2.3994925665406,-1.9675169158146
7738,"SK",2013,0,0,-2.1627423099047,-1.7596521685455
7838,"SK",2013,0,0,-2.1350067171161,-1.416675199488
7938,"SK",2013,0,0,-2.0313046950553,-1.4775734859935
8038,"SK",2013,0,0,-1.8281283715261,-1.46846417768
3039,"SK",2014,0,0,0.99933378286278,0.94124822019622
3139,"SK",2014,0,0,1.06458484637479,0.93404084842685
3239,"SK",2014,0,0,1.01625973079202,0.89428887818495
3339,"SK",2014,0,0,0.75952927460673,0.90810840629456
3439,"SK",2014,0,0,0.80624299553149,0.79270911024056
3539,"SK",2014,0,0,0.66934590371132,0.64453055221282
3639,"SK",2014,0,0,0.57483374916765,0.56522310187406
3739,"SK",2014,0,0,0.45431269928986,0.45930410755594
3839,"SK",2014,0,0,0.35495924199638,0.31563289816536
3939,"SK",2014,0,0,0.24813043328568,0.21017189992868
4039,"SK",2014,0,0,0.31640452242568,0.0352289022495098
4139,"SK",2014,0,0,0.50926216504871,0.0415633275917999
4239,"SK",2014,0,0,0.42864457967407,0.0953540862257798
4339,"SK",2014,0,0,0.27644966928292,0.0586279456202599
4439,"SK",2014,0,0,-0.0196239433957501,0.00571211366500002
4539,"SK",2014,0,0,0.00744753938614995,-0.18199293551009
4639,"SK",2014,0,0,-0.0449301747744402,-0.342551534027741
4739,"SK",2014,0,0,-0.0826477508698602,-0.48323183978629
4839,"SK",2014,0,0,-0.28501231234827,-0.54230686314487
4939,"SK",2014,0,0,-0.488470526431399,-0.61926737778483
5039,"SK",2014,0,0,-0.876374001844449,-0.82538661433232
5139,"SK",2014,0,0,-0.920381836571099,-1.03417835343203
5239,"SK",2014,0,0,-1.12705765979125,-1.01416765408848
5339,"SK",2014,0,0,-1.17326530049178,-1.26049337576461
5439,"SK",2014,0,0,-1.02983879414409,-1.4528177391013
5539,"SK",2014,0,0,-1.20585566137761,-1.39114066478865
5639,"SK",2014,0,0,-1.2954712296858,-1.30378327176995
5739,"SK",2014,0,0,-1.3531588258104,-1.48953752976303
5839,"SK",2014,0,0,-1.5540056154241,-1.4940012937125
5939,"SK",2014,0,0,-1.9396895997795,-1.6296321276474
6039,"SK",2014,0,0,-2.0702932040081,-1.8009758320063
6139,"SK",2014,0,0,-2.1767995274186,-1.9061077687095
6239,"SK",2014,0,0,-2.406026448902,-2.1921069784512
6339,"SK",2014,0,0,-2.5259717374778,-2.3654832710178
6439,"SK",2014,0,0,-2.4346056694785,-2.4651323042379
6539,"SK",2014,0,0,-2.7714163991847,-2.6456364162043
6639,"SK",2014,0,0,-2.7223379687454,-2.6979697828145
6739,"SK",2014,0,0,-2.9493040058397,-2.3980267775434
6839,"SK",2014,0,0,-2.7224249334614,-2.7716321653469
6939,"SK",2014,0,0,-2.5024655827482,-2.7772923620585
7039,"SK",2014,0,0,-2.9531118238309,-2.9616687711229
7139,"SK",2014,0,0,-3.503321677027,-3.1343220645186
7239,"SK",2014,0,0,-3.5794861127687,-3.1975792143248
7339,"SK",2014,0,0,-3.8864379724091,-3.2776491414437
7439,"SK",2014,0,0,-3.9026652561716,-3.7406073169117
7539,"SK",2014,0,0,-3.9027643022139,-3.7729901424826
7639,"SK",2014,0,0,-3.7380240430727,-3.8007903625379
7739,"SK",2014,0,0,-3.5149637503369,-3.6922309970747
7839,"SK",2014,0,0,-3.7965883282899,-3.7275104206326
7939,"SK",2014,0,0,-3.489360958745,-3.3379094121477
8039,"SK",2014,0,0,-3.6428884303859,-3.2290674408078
